cenario,tipo_choque,multiplicador_produtividade,perda_produtividade,choque_permanente,periodo,horizonte,variavel,unidade,numero_simulacoes,media,mediana,desvio_padrao,p5,p25,p75,p95,erro_padrao,media_ic95_inferior,media_ic95_superior,media_diferente_zero_95
choque_05pct_permanente,permanente,0.95,0.05,True,5,impacto,deficit_externo,p.p. do PIB em relação ao benchmark,100,0.000844595396539133,0.00041095854176395,0.003979651828355134,-0.004045076568160735,-0.002670679803367575,0.004047486300328675,0.00826883606579283,0.00039796518283551346,6.458363818152661e-05,0.0016246071548967392,True
choque_05pct_permanente,permanente,0.95,0.05,True,5,impacto,deficit_governo,p.p. do PIB em relação ao benchmark,100,0.007417966038865322,0.0097342104405422,0.02257055362898932,-0.03450382617015583,-0.010738276073380126,0.027585888430498674,0.036096810814828316,0.002257055362898932,0.002994137527583416,0.011841794550147229,True
choque_05pct_permanente,permanente,0.95,0.05,True,5,impacto,inflacao,p.p. em relação ao benchmark,100,0.1355681159384396,0.128013381099723,0.048981512154345694,0.08070411950161664,0.09284718104288212,0.1751316087911569,0.22782873432100165,0.004898151215434569,0.12596773955618784,0.14516849232069134,True
choque_05pct_permanente,permanente,0.95,0.05,True,5,impacto,pib_real,% em relação ao benchmark,100,-0.15194993485135475,-0.14260462823624803,0.06122434852623115,-0.26768069431299,-0.20050674864051926,-0.09864519263601818,-0.08312745909915208,0.006122434852623115,-0.16394990716249605,-0.13994996254021344,True
choque_05pct_permanente,permanente,0.95,0.05,True,5,impacto,taxa_desemprego,p.p. em relação ao benchmark,100,0.005596885771572267,0.00559130710885625,0.0008039232806382809,0.004184734492946625,0.004945866108598625,0.006188990077382574,0.006732733745411345,8.039232806382808e-05,0.005439316808567164,0.00575445473457737,True
choque_05pct_permanente,permanente,0.95,0.05,True,6,+1,deficit_externo,p.p. do PIB em relação ao benchmark,100,-0.005230218473742376,-0.006109465672539401,0.005763517241895168,-0.01210106168449549,-0.010000478052950599,-0.00208156114306105,0.005814150862617284,0.0005763517241895169,-0.006359867853153829,-0.004100569094330923,True
choque_05pct_permanente,permanente,0.95,0.05,True,6,+1,deficit_governo,p.p. do PIB em relação ao benchmark,100,0.06430554543838583,0.0683499067327807,0.01713918428714359,0.0351043595208703,0.05614761060315562,0.07577254909911751,0.08574191675556515,0.0017139184287143588,0.06094626531810569,0.06766482555866597,True
choque_05pct_permanente,permanente,0.95,0.05,True,6,+1,inflacao,p.p. em relação ao benchmark,100,0.1575177021980722,0.15057848394286472,0.022484641105007964,0.1380669191292594,0.14500675393526175,0.1573696243551803,0.20408001746586513,0.0022484641105007964,0.15311071254149064,0.16192469185465377,True
choque_05pct_permanente,permanente,0.95,0.05,True,6,+1,pib_real,% em relação ao benchmark,100,-0.23448804857774172,-0.22291988370387034,0.033035652482824994,-0.300255663422812,-0.2406373183322985,-0.2140838676396417,-0.20259319710899448,0.0033035652482824992,-0.24096303646437542,-0.22801306069110802,True
choque_05pct_permanente,permanente,0.95,0.05,True,6,+1,taxa_desemprego,p.p. em relação ao benchmark,100,0.0198688233107081,0.02028514534389705,0.00976354705254792,0.0021866443842338606,0.0132440658349976,0.028066425290732624,0.03320941145380727,0.000976354705254792,0.017955168088408708,0.02178247853300749,True
choque_05pct_permanente,permanente,0.95,0.05,True,10,+5,deficit_externo,p.p. do PIB em relação ao benchmark,100,-0.14004914925861095,-0.1393286144114459,0.00932039133710125,-0.1552555102752178,-0.14543167641709104,-0.13338405929460567,-0.1259455536776695,0.0009320391337101251,-0.1418759459606828,-0.1382223525565391,True
choque_05pct_permanente,permanente,0.95,0.05,True,10,+5,deficit_governo,p.p. do PIB em relação ao benchmark,100,0.32448295356386,0.3237061831921808,0.02023422900302738,0.29237912697995044,0.3104223364626762,0.33831309065156734,0.35507499349144184,0.002023422900302738,0.3205170446792666,0.32844886244845334,True
choque_05pct_permanente,permanente,0.95,0.05,True,10,+5,inflacao,p.p. em relação ao benchmark,100,0.29136300360360584,0.29041654948975815,0.01578017855347783,0.2673072446716185,0.28318904048669763,0.3017733860975813,0.31576875754336425,0.0015780178553477828,0.28827008860712416,0.2944559186000875,True
choque_05pct_permanente,permanente,0.95,0.05,True,10,+5,pib_real,% em relação ao benchmark,100,-1.0638170133597127,-1.0605205433464493,0.04597515961842078,-1.1399065325504565,-1.0940870301447803,-1.030614352172754,-0.9920735431779114,0.004597515961842078,-1.0728281446449233,-1.054805882074502,True
choque_05pct_permanente,permanente,0.95,0.05,True,10,+5,taxa_desemprego,p.p. em relação ao benchmark,100,0.16006761281015,0.16074175019333276,0.013051686864498577,0.1415142636441417,0.15115822236964543,0.17094800490144163,0.180414107577673,0.0013051686864498577,0.15750948218470828,0.16262574343559172,True
choque_05pct_permanente,permanente,0.95,0.05,True,15,+10,deficit_externo,p.p. do PIB em relação ao benchmark,100,-0.33623536058705783,-0.3327102156597007,0.021239362298783156,-0.3762569882852272,-0.3516836910484202,-0.3212514207389482,-0.30982419062786354,0.0021239362298783155,-0.3403982755976193,-0.33207244557649634,True
choque_05pct_permanente,permanente,0.95,0.05,True,15,+10,deficit_governo,p.p. do PIB em relação ao benchmark,100,0.367114663547868,0.37013188053748175,0.029624659105312357,0.31752533317804793,0.3468351300292265,0.39063891637257614,0.4082930891013753,0.0029624659105312355,0.36130823036322673,0.3729210967325092,True
choque_05pct_permanente,permanente,0.95,0.05,True,15,+10,inflacao,p.p. em relação ao benchmark,100,0.08023678893213777,0.0931677958935006,0.06212952762282853,-0.02661065884743343,0.04491483902408495,0.12076334846448097,0.1632233134296923,0.006212952762282853,0.06805940151806338,0.09241417634621217,True
choque_05pct_permanente,permanente,0.95,0.05,True,15,+10,pib_real,% em relação ao benchmark,100,-1.808311909172336,-1.8065330244224076,0.052487230037132064,-1.8951291778298334,-1.839522785448211,-1.770336454758817,-1.7292440190480085,0.005248723003713206,-1.818599406259614,-1.7980244120850581,True
choque_05pct_permanente,permanente,0.95,0.05,True,15,+10,taxa_desemprego,p.p. em relação ao benchmark,100,0.11754472335946202,0.1234730324747017,0.03550023211877771,0.06023350892680724,0.09358210730141217,0.142045084021292,0.16973120236801978,0.0035500232118777708,0.11058667786418158,0.12450276885474246,True
choque_05pct_permanente,permanente,0.95,0.05,True,25,final,deficit_externo,p.p. do PIB em relação ao benchmark,100,-0.3238960189195834,-0.31122374320920987,0.13478879973334065,-0.5779551110777382,-0.41436607781612445,-0.23968963280835348,-0.10380388667245212,0.013478879973334065,-0.3503146236673182,-0.29747741417184864,True
choque_05pct_permanente,permanente,0.95,0.05,True,25,final,deficit_governo,p.p. do PIB em relação ao benchmark,100,0.7024746006275574,0.6873753930601856,0.1515969658769091,0.4762048535221055,0.6043113706768543,0.8158562125644669,0.9327166048272078,0.01515969658769091,0.6727615953156832,0.7321876059394316,True
choque_05pct_permanente,permanente,0.95,0.05,True,25,final,inflacao,p.p. em relação ao benchmark,100,2.040029161837378,2.0314524086102126,0.2907620776251727,1.5720589002017171,1.850333767988499,2.211604383207333,2.5427993968220086,0.02907620776251727,1.983039794622844,2.097018529051912,True
choque_05pct_permanente,permanente,0.95,0.05,True,25,final,pib_real,% em relação ao benchmark,100,-3.5526107880339515,-3.519050780097893,0.3758343591016479,-4.102815581892856,-3.85629380567967,-3.293959029993482,-2.9477933350483294,0.03758343591016479,-3.6262743224178746,-3.4789472536500283,True
choque_05pct_permanente,permanente,0.95,0.05,True,25,final,taxa_desemprego,p.p. em relação ao benchmark,100,0.09132661052353966,0.07971471088319275,0.153434179024847,-0.1403925925307082,-0.01293710863111585,0.19080609507440138,0.35105704619334505,0.0153434179024847,0.061253511434669644,0.12139970961240967,True
choque_05pct_temporario,temporario,0.95,0.05,False,5,impacto,deficit_externo,p.p. do PIB em relação ao benchmark,100,0.000844595396539133,0.00041095854176395,0.003979651828355134,-0.004045076568160735,-0.002670679803367575,0.004047486300328675,0.00826883606579283,0.00039796518283551346,6.458363818152661e-05,0.0016246071548967392,True
choque_05pct_temporario,temporario,0.95,0.05,False,5,impacto,deficit_governo,p.p. do PIB em relação ao benchmark,100,0.007417966038865322,0.0097342104405422,0.02257055362898932,-0.03450382617015583,-0.010738276073380126,0.027585888430498674,0.036096810814828316,0.002257055362898932,0.002994137527583416,0.011841794550147229,True
choque_05pct_temporario,temporario,0.95,0.05,False,5,impacto,inflacao,p.p. em relação ao benchmark,100,0.1355681159384396,0.128013381099723,0.048981512154345694,0.08070411950161664,0.09284718104288212,0.1751316087911569,0.22782873432100165,0.004898151215434569,0.12596773955618784,0.14516849232069134,True
choque_05pct_temporario,temporario,0.95,0.05,False,5,impacto,pib_real,% em relação ao benchmark,100,-0.15194993485135475,-0.14260462823624803,0.06122434852623115,-0.26768069431299,-0.20050674864051926,-0.09864519263601818,-0.08312745909915208,0.006122434852623115,-0.16394990716249605,-0.13994996254021344,True
choque_05pct_temporario,temporario,0.95,0.05,False,5,impacto,taxa_desemprego,p.p. em relação ao benchmark,100,0.005596885771572267,0.00559130710885625,0.0008039232806382809,0.004184734492946625,0.004945866108598625,0.006188990077382574,0.006732733745411345,8.039232806382808e-05,0.005439316808567164,0.00575445473457737,True
choque_05pct_temporario,temporario,0.95,0.05,False,6,+1,deficit_externo,p.p. do PIB em relação ao benchmark,100,-0.0040736539028253145,-0.0048957255132984,0.0048108163999896585,-0.010631746899482795,-0.00762605828531495,-0.0005970916147433,0.004922310444187407,0.00048108163999896584,-0.005016573917223288,-0.0031307338884273414,True
choque_05pct_temporario,temporario,0.95,0.05,False,6,+1,deficit_governo,p.p. do PIB em relação ao benchmark,100,0.04641872952483595,0.047508408091211055,0.01056207740643056,0.030003942419724428,0.039284322603888526,0.053682280702385274,0.06234713956093574,0.001056207740643056,0.04434856235317556,0.04848889669649634,True
choque_05pct_temporario,temporario,0.95,0.05,False,6,+1,inflacao,p.p. em relação ao benchmark,100,0.04524891607555111,0.044993533237847,0.020152416687986365,0.014481303363728016,0.027958754048362698,0.06283805070581013,0.07386597510092183,0.0020152416687986363,0.04129904240470578,0.04919878974639644,True
choque_05pct_temporario,temporario,0.95,0.05,False,6,+1,pib_real,% em relação ao benchmark,100,-0.11451426043511398,-0.11902655970229539,0.02565185694058649,-0.1493725949805091,-0.13648719030366901,-0.09388484545800317,-0.07260694541349308,0.0025651856940586493,-0.11954202439546893,-0.10948649647475903,True
choque_05pct_temporario,temporario,0.95,0.05,False,6,+1,taxa_desemprego,p.p. em relação ao benchmark,100,0.014022999091356698,0.014897943775402048,0.00944354419517869,-0.0033880376150929644,0.006899402916152625,0.021695634849340152,0.027017944622493344,0.0009443544195178691,0.012172064429101674,0.01587393375361172,True
choque_05pct_temporario,temporario,0.95,0.05,False,10,+5,deficit_externo,p.p. do PIB em relação ao benchmark,100,-0.054312189936535506,-0.053859667118747345,0.0037664972520192377,-0.060606908451577096,-0.056999850352922,-0.052095734656001175,-0.04879699671312101,0.00037664972520192375,-0.05505042339793128,-0.05357395647513973,True
choque_05pct_temporario,temporario,0.95,0.05,False,10,+5,deficit_governo,p.p. do PIB em relação ao benchmark,100,0.0626967465863067,0.06319116578161885,0.006506014158981301,0.05094568246319675,0.058060525605736026,0.06748130074347498,0.07221254328134974,0.0006506014158981302,0.06142156781114636,0.06397192536146704,True
choque_05pct_temporario,temporario,0.95,0.05,False,10,+5,inflacao,p.p. em relação ao benchmark,100,-0.029794342940963232,-0.028861639614075,0.007984443694832363,-0.04200113063862248,-0.035767977479272926,-0.024604361655400274,-0.01689268819064943,0.0007984443694832363,-0.031359293905150375,-0.02822939197677609,True
choque_05pct_temporario,temporario,0.95,0.05,False,10,+5,pib_real,% em relação ao benchmark,100,-0.2195673058858568,-0.22116324081692945,0.02305095186247489,-0.25732618722820455,-0.23663190279943894,-0.20396111567934913,-0.18206753933501907,0.002305095186247489,-0.22408529245090186,-0.21504931932081173,True
choque_05pct_temporario,temporario,0.95,0.05,False,10,+5,taxa_desemprego,p.p. em relação ao benchmark,100,0.024347066361007353,0.0242470352499302,0.008796854045688876,0.01157129452872477,0.0187303293406895,0.029189173892669625,0.038701980814783266,0.0008796854045688876,0.022622882968052333,0.026071249753962373,True
choque_05pct_temporario,temporario,0.95,0.05,False,15,+10,deficit_externo,p.p. do PIB em relação ao benchmark,100,-0.012822076257303361,-0.0125227838123062,0.008711874279421782,-0.025370290458639227,-0.018493402814558923,-0.0068129111323300745,0.001076867477310937,0.0008711874279421783,-0.01452960361607003,-0.011114548898536691,True
choque_05pct_temporario,temporario,0.95,0.05,False,15,+10,deficit_governo,p.p. do PIB em relação ao benchmark,100,-0.01709826799141396,-0.01720155424601435,0.01296663132453734,-0.03955923695412179,-0.025211796502956598,-0.007330468779052875,0.003389311841594193,0.0012966631324537342,-0.01963972773102328,-0.014556808251804642,True
choque_05pct_temporario,temporario,0.95,0.05,False,15,+10,inflacao,p.p. em relação ao benchmark,100,-0.000940994221209083,0.0008116255851842501,0.024801464689519315,-0.05165582558366847,-0.015937448555436426,0.01546543445820055,0.03325639178383236,0.0024801464689519315,-0.005802081300354868,0.003920092857936703,False
choque_05pct_temporario,temporario,0.95,0.05,False,15,+10,pib_real,% em relação ao benchmark,100,-0.0655629934375291,-0.0658627846197246,0.02898674501028396,-0.10880113851554234,-0.0901009373993705,-0.04633720261492388,-0.01468571149917824,0.002898674501028396,-0.07124439545954475,-0.05988159141551344,True
choque_05pct_temporario,temporario,0.95,0.05,False,15,+10,taxa_desemprego,p.p. em relação ao benchmark,100,-0.04750228534745546,-0.0471070335914113,0.018811271604001024,-0.07501714886912113,-0.06047340789364913,-0.033394820798768626,-0.022145007182795606,0.0018811271604001023,-0.051189294581839656,-0.04381527611307126,True
choque_05pct_temporario,temporario,0.95,0.05,False,25,final,deficit_externo,p.p. do PIB em relação ao benchmark,100,-0.016669598502046204,-0.01738285373854905,0.011610037176302894,-0.032495187736992254,-0.023730734150723774,-0.010255323201336625,0.0041067600577022745,0.0011610037176302895,-0.018945165788601573,-0.014394031215490837,True
choque_05pct_temporario,temporario,0.95,0.05,False,25,final,deficit_governo,p.p. do PIB em relação ao benchmark,100,0.0012720074518649807,0.0025468531839544497,0.028311185335731032,-0.05186172732937762,-0.011419581219790325,0.02118603860049715,0.04073345507123111,0.0028311185335731033,-0.004276984873938302,0.0068209997776682635,False
choque_05pct_temporario,temporario,0.95,0.05,False,25,final,inflacao,p.p. em relação ao benchmark,100,0.0008758223573539386,0.0033203706436446,0.03268180699012516,-0.05257243951344636,-0.018351088905965672,0.022032272475774828,0.04946118272488688,0.003268180699012516,-0.005529811812710592,0.00728145652741847,False
choque_05pct_temporario,temporario,0.95,0.05,False,25,final,pib_real,% em relação ao benchmark,100,-0.06679584559281912,-0.07302454678418946,0.045101489339751125,-0.12760907793883558,-0.0934573021711626,-0.05033325705490753,0.02204268530649358,0.004510148933975113,-0.07563573750341034,-0.0579559536822279,True
choque_05pct_temporario,temporario,0.95,0.05,False,25,final,taxa_desemprego,p.p. em relação ao benchmark,100,-0.02154222662764094,-0.019333782718112348,0.02894993220293491,-0.07489320325016481,-0.03593529234125095,-0.0026372720234888996,0.01732446300211832,0.002894993220293491,-0.027216413339416184,-0.015868039915865696,True
choque_10pct_permanente,permanente,0.9,0.0999999999999999,True,5,impacto,deficit_externo,p.p. do PIB em relação ao benchmark,100,-0.0032300481709320174,-0.0038383231167761003,0.004048902434603768,-0.008195564236790406,-0.006769208346610725,1.2710811118299871e-05,0.004387686363495783,0.0004048902434603768,-0.004023633048114356,-0.002436463293749679,True
choque_10pct_permanente,permanente,0.9,0.0999999999999999,True,5,impacto,deficit_governo,p.p. do PIB em relação ao benchmark,100,0.04374712033648576,0.04698593571336795,0.022575944327336332,0.0012205686376185305,0.02558808000461955,0.06337218238815635,0.07219031333875392,0.002257594432733633,0.03932223524832784,0.048172005424643685,True
choque_10pct_permanente,permanente,0.9,0.0999999999999999,True,5,impacto,inflacao,p.p. em relação ao benchmark,100,0.20516409649294348,0.19752112344615375,0.04879517877061762,0.15067098231069437,0.16263924578439057,0.244536382449817,0.29705260499871095,0.004879517877061762,0.19560024145390242,0.21472795153198454,True
choque_10pct_permanente,permanente,0.9,0.0999999999999999,True,5,impacto,pib_real,% em relação ao benchmark,100,-0.22326464187087844,-0.21335028008540585,0.061611736944130004,-0.33688761096618886,-0.2743959774354709,-0.16820427642270647,-0.15390297341065282,0.006161173694413,-0.2353405423119279,-0.21118874142982896,True
choque_10pct_permanente,permanente,0.9,0.0999999999999999,True,5,impacto,taxa_desemprego,p.p. em relação ao benchmark,100,0.01468513715905473,0.01283826859827595,0.008939768936763248,0.01077884980323643,0.01202300595727865,0.014613973875091751,0.02230685510531127,0.0008939768936763248,0.012932942447449134,0.016437331870660328,True
choque_10pct_permanente,permanente,0.9,0.0999999999999999,True,6,+1,deficit_externo,p.p. do PIB em relação ao benchmark,100,-0.01621481063867158,-0.017189627087399947,0.006363297033834537,-0.023737447794201096,-0.021309745306265924,-0.012829208584413224,-0.00469452162501434,0.0006363297033834537,-0.01746201685730315,-0.014967604420040012,True
choque_10pct_permanente,permanente,0.9,0.0999999999999999,True,6,+1,deficit_governo,p.p. do PIB em relação ao benchmark,100,0.1398992393482167,0.14373601379144765,0.01800544311536983,0.1083265869178416,0.1304999906403807,0.1524704541679727,0.16158530634298424,0.0018005443115369831,0.1363701724976042,0.14342830619882918,True
choque_10pct_permanente,permanente,0.9,0.0999999999999999,True,6,+1,inflacao,p.p. em relação ao benchmark,100,0.2923811942531249,0.28625088853981845,0.022804727553692887,0.2726257780164687,0.2803445886456757,0.2938255023931857,0.33907926040700254,0.002280472755369289,0.2879114676526011,0.2968509208536487,True
choque_10pct_permanente,permanente,0.9,0.0999999999999999,True,6,+1,pib_real,% em relação ao benchmark,100,-0.4316528975014012,-0.4205481433054048,0.0338409558376495,-0.4933584433881027,-0.43907531766277924,-0.4103217471833065,-0.396996276880438,0.0033840955837649497,-0.4382857248455805,-0.4250200701572219,True
choque_10pct_permanente,permanente,0.9,0.0999999999999999,True,6,+1,taxa_desemprego,p.p. em relação ao benchmark,100,0.05169685283114288,0.05298221995984335,0.012397508628254774,0.03036383916783408,0.0449362458287111,0.05853176741103493,0.06531452183318916,0.0012397508628254775,0.04926694114000494,0.05412676452228082,True
choque_10pct_permanente,permanente,0.9,0.0999999999999999,True,10,+5,deficit_externo,p.p. do PIB em relação ao benchmark,100,-0.2431606808978524,-0.2427421899564294,0.013991783933693366,-0.26485299597636003,-0.25319997820488516,-0.2324866440050363,-0.22342531060075113,0.0013991783933693367,-0.2459030705488563,-0.2404182912468485,True
choque_10pct_permanente,permanente,0.9,0.0999999999999999,True,10,+5,deficit_governo,p.p. do PIB em relação ao benchmark,100,0.5346363432602482,0.5378740048403594,0.031183433040065888,0.4926096535879661,0.513865556341004,0.5595695342187124,0.5768336196945658,0.003118343304006589,0.5285243903843954,0.5407482961361011,True
choque_10pct_permanente,permanente,0.9,0.0999999999999999,True,10,+5,inflacao,p.p. em relação ao benchmark,100,0.5127197812333546,0.5159011980725992,0.026743994491500618,0.46385145030804376,0.49478858400356923,0.5337933686384355,0.5452568948046732,0.002674399449150062,0.5074779583130204,0.5179616041536887,True
choque_10pct_permanente,permanente,0.9,0.0999999999999999,True,10,+5,pib_real,% em relação ao benchmark,100,-1.9505439338827828,-1.9459037591174735,0.04655123455940304,-2.0254542032922247,-1.9890197576367925,-1.9138405680017956,-1.8928656898193617,0.004655123455940304,-1.9596679758564257,-1.9414198919091399,True
choque_10pct_permanente,permanente,0.9,0.0999999999999999,True,10,+5,taxa_desemprego,p.p. em relação ao benchmark,100,0.29139772548244314,0.29009585739487587,0.026805783922779946,0.25084185981322915,0.27761056631677017,0.3068756349348001,0.32778934232331053,0.0026805783922779947,0.28614379183357824,0.29665165913130803,True
choque_10pct_permanente,permanente,0.9,0.0999999999999999,True,15,+10,deficit_externo,p.p. do PIB em relação ao benchmark,100,-0.5669593527191301,-0.5594570040323025,0.039729881302464416,-0.6361963060074068,-0.5902121447731103,-0.5381049777010125,-0.5167922473730334,0.0039729881302464415,-0.5747464094544131,-0.5591722959838471,True
choque_10pct_permanente,permanente,0.9,0.0999999999999999,True,15,+10,deficit_governo,p.p. do PIB em relação ao benchmark,100,0.5616621621648507,0.5678486913111097,0.050839723597462576,0.4719495855242135,0.5262648479725567,0.6031450645009213,0.631344638413197,0.005083972359746258,0.551697576339748,0.5716267479899533,True
choque_10pct_permanente,permanente,0.9,0.0999999999999999,True,15,+10,inflacao,p.p. em relação ao benchmark,100,0.11000053814044827,0.11846064690573804,0.1187138521503419,-0.09721549926034019,0.041391365423115674,0.19915160188492814,0.2610979555404247,0.01187138521503419,0.08673262311898126,0.1332684531619153,True
choque_10pct_permanente,permanente,0.9,0.0999999999999999,True,15,+10,pib_real,% em relação ao benchmark,100,-3.1583758820331123,-3.1689297499100375,0.08689040903840886,-3.2759747985796195,-3.2283612354762905,-3.0931948246666394,-2.996658532896555,0.008689040903840886,-3.1754064022046404,-3.141345361861584,True
choque_10pct_permanente,permanente,0.9,0.0999999999999999,True,15,+10,taxa_desemprego,p.p. em relação ao benchmark,100,0.26320501579058253,0.27196922258230427,0.05559053332567163,0.164839053541646,0.21956948727128997,0.30316917166370894,0.3412038179556386,0.0055590533325671635,0.2523092712587509,0.27410076032241415,True
choque_10pct_permanente,permanente,0.9,0.0999999999999999,True,25,final,deficit_externo,p.p. do PIB em relação ao benchmark,100,-0.31634481108390405,-0.2948165162566851,0.22861981592700656,-0.7317472373503416,-0.4716533799816536,-0.16814189547774952,0.07569480318328987,0.022861981592700656,-0.3611542950055973,-0.2715353271622108,True
choque_10pct_permanente,permanente,0.9,0.0999999999999999,True,25,final,deficit_governo,p.p. do PIB em relação ao benchmark,100,0.921352261425925,0.8923558818220961,0.2651555679534602,0.5219990736998147,0.7294891000567689,1.109488484315086,1.3434841254659777,0.026515556795346017,0.8693817701070468,0.9733227527448032,True
choque_10pct_permanente,permanente,0.9,0.0999999999999999,True,25,final,inflacao,p.p. em relação ao benchmark,100,3.426464531798567,3.4193254066792855,0.42910838749607827,2.6751621723293697,3.1483572250541716,3.7423473804091003,4.187686256393013,0.04291083874960783,3.342359287849336,3.5105697757477983,True
choque_10pct_permanente,permanente,0.9,0.0999999999999999,True,25,final,pib_real,% em relação ao benchmark,100,-5.140975665188119,-5.139620570059328,0.6813328833162142,-6.211425492491031,-5.676166132416489,-4.662971223481777,-3.9932854627135823,0.06813328833162142,-5.274516910318097,-5.007434420058141,True
choque_10pct_permanente,permanente,0.9,0.0999999999999999,True,25,final,taxa_desemprego,p.p. em relação ao benchmark,100,0.22694853897663467,0.19645464662131001,0.26545779951661064,-0.17080830217449466,0.036604288309877824,0.41228111227961656,0.6951276129537693,0.026545779951661064,0.17491881027137898,0.2789782676818904,True
choque_10pct_temporario,temporario,0.9,0.0999999999999999,False,5,impacto,deficit_externo,p.p. do PIB em relação ao benchmark,100,-0.0032300481709320174,-0.0038383231167761003,0.004048902434603768,-0.008195564236790406,-0.006769208346610725,1.2710811118299871e-05,0.004387686363495783,0.0004048902434603768,-0.004023633048114356,-0.002436463293749679,True
choque_10pct_temporario,temporario,0.9,0.0999999999999999,False,5,impacto,deficit_governo,p.p. do PIB em relação ao benchmark,100,0.04374712033648576,0.04698593571336795,0.022575944327336332,0.0012205686376185305,0.02558808000461955,0.06337218238815635,0.07219031333875392,0.002257594432733633,0.03932223524832784,0.048172005424643685,True
choque_10pct_temporario,temporario,0.9,0.0999999999999999,False,5,impacto,inflacao,p.p. em relação ao benchmark,100,0.20516409649294348,0.19752112344615375,0.04879517877061762,0.15067098231069437,0.16263924578439057,0.244536382449817,0.29705260499871095,0.004879517877061762,0.19560024145390242,0.21472795153198454,True
choque_10pct_temporario,temporario,0.9,0.0999999999999999,False,5,impacto,pib_real,% em relação ao benchmark,100,-0.22326464187087844,-0.21335028008540585,0.061611736944130004,-0.33688761096618886,-0.2743959774354709,-0.16820427642270647,-0.15390297341065282,0.006161173694413,-0.2353405423119279,-0.21118874142982896,True
choque_10pct_temporario,temporario,0.9,0.0999999999999999,False,5,impacto,taxa_desemprego,p.p. em relação ao benchmark,100,0.01468513715905473,0.01283826859827595,0.008939768936763248,0.01077884980323643,0.01202300595727865,0.014613973875091751,0.02230685510531127,0.0008939768936763248,0.012932942447449134,0.016437331870660328,True
choque_10pct_temporario,temporario,0.9,0.0999999999999999,False,6,+1,deficit_externo,p.p. do PIB em relação ao benchmark,100,-0.014792573928870852,-0.01547623710887475,0.005557853639421265,-0.022576575081345553,-0.018606603403092226,-0.011460345757651926,-0.005021228370384338,0.0005557853639421265,-0.01588191324219742,-0.013703234615544284,True
choque_10pct_temporario,temporario,0.9,0.0999999999999999,False,6,+1,deficit_governo,p.p. do PIB em relação ao benchmark,100,0.10847802257793697,0.10995654247057185,0.013629393561845822,0.0876849820319935,0.09721981506759612,0.11794520387529843,0.12846028626129785,0.0013629393561845821,0.1058066614398152,0.11114938371605874,True
choque_10pct_temporario,temporario,0.9,0.0999999999999999,False,6,+1,inflacao,p.p. em relação ao benchmark,100,0.06552851787353538,0.059297361274235294,0.03495626208602519,0.022249848140981538,0.0376841440103248,0.09063081082451573,0.1337111763646003,0.003495626208602519,0.05867709050467444,0.07237994524239631,True
choque_10pct_temporario,temporario,0.9,0.0999999999999999,False,6,+1,pib_real,% em relação ao benchmark,100,-0.18611036286001187,-0.18194495449680434,0.04152082637365534,-0.2633189454701934,-0.2126922736125414,-0.15554698678728052,-0.12855020716133087,0.004152082637365534,-0.1942484448292483,-0.17797228089077544,True
choque_10pct_temporario,temporario,0.9,0.0999999999999999,False,6,+1,taxa_desemprego,p.p. em relação ao benchmark,100,0.038645242591787546,0.0401061103186634,0.010248620652816046,0.019739978936164415,0.031417596706034806,0.04737542528517423,0.052205022908771964,0.0010248620652816046,0.0366365129438356,0.04065397223973949,True
choque_10pct_temporario,temporario,0.9,0.0999999999999999,False,10,+5,deficit_externo,p.p. do PIB em relação ao benchmark,100,-0.10864027922776823,-0.1087994747823963,0.006882581412659361,-0.11801169946377016,-0.11367432524358075,-0.10438148592995672,-0.09740991326702794,0.0006882581412659361,-0.10998926518464947,-0.10729129327088699,True
choque_10pct_temporario,temporario,0.9,0.0999999999999999,False,10,+5,deficit_governo,p.p. do PIB em relação ao benchmark,100,0.12674409928493266,0.12794084615857093,0.012256389547220586,0.10466063830807844,0.11848955694108221,0.13338397114379186,0.1458123861627905,0.0012256389547220586,0.12434184693367742,0.1291463516361879,True
choque_10pct_temporario,temporario,0.9,0.0999999999999999,False,10,+5,inflacao,p.p. em relação ao benchmark,100,-0.057912306736047595,-0.056700090984274046,0.01504292950591836,-0.08252676322329172,-0.06719146613373692,-0.04785530137035305,-0.034883678760578796,0.0015042929505918359,-0.06086072091920759,-0.0549638925528876,True
choque_10pct_temporario,temporario,0.9,0.0999999999999999,False,10,+5,pib_real,% em relação ao benchmark,100,-0.4684376623552541,-0.47371648863204774,0.027350433574597106,-0.5111865827545159,-0.4865135887302918,-0.44606485401764706,-0.4292435450823317,0.0027350433574597106,-0.4737983473358751,-0.46307697737463305,True
choque_10pct_temporario,temporario,0.9,0.0999999999999999,False,10,+5,taxa_desemprego,p.p. em relação ao benchmark,100,0.06002035496747335,0.0590268156002271,0.01814541333330899,0.0332509417130759,0.04755660320759907,0.06797712539461373,0.09419069575948755,0.0018145413333308992,0.056463853954144785,0.06357685598080191,True
choque_10pct_temporario,temporario,0.9,0.0999999999999999,False,15,+10,deficit_externo,p.p. do PIB em relação ao benchmark,100,-0.01835064719004578,-0.017560817962991852,0.01629936678931089,-0.04215135416679635,-0.0312910880664463,-0.00828699056640965,0.006669459857426682,0.001629936678931089,-0.021545323080750713,-0.015155971299340844,True
choque_10pct_temporario,temporario,0.9,0.0999999999999999,False,15,+10,deficit_governo,p.p. do PIB em relação ao benchmark,100,-0.04234297259361452,-0.042319008344321396,0.02608284896621378,-0.08368315367300072,-0.060110277116835746,-0.022991490211596903,-0.0052453306160767455,0.002608284896621378,-0.04745521099099242,-0.03723073419623662,True
choque_10pct_temporario,temporario,0.9,0.0999999999999999,False,15,+10,inflacao,p.p. em relação ao benchmark,100,0.032201273053211715,0.0309819837771785,0.031200133096044202,-0.022604367790266474,0.014353737951017225,0.05130357018376383,0.08580206310907833,0.0031200133096044203,0.026086046966387052,0.038316499140036375,True
choque_10pct_temporario,temporario,0.9,0.0999999999999999,False,15,+10,pib_real,% em relação ao benchmark,100,-0.13861162790091147,-0.1356906741856456,0.06339043431525779,-0.23815115384550384,-0.18959027732035616,-0.09309717048658903,-0.037406737011755835,0.006339043431525779,-0.151036153026702,-0.12618710277512094,True
choque_10pct_temporario,temporario,0.9,0.0999999999999999,False,15,+10,taxa_desemprego,p.p. em relação ao benchmark,100,-0.11260184448094149,-0.11097115849639025,0.03386965278388398,-0.16353493481657588,-0.13689299280441558,-0.0876085806338078,-0.05929131550152697,0.003386965278388398,-0.11924029642658275,-0.10596339253530022,True
choque_10pct_temporario,temporario,0.9,0.0999999999999999,False,25,final,deficit_externo,p.p. do PIB em relação ao benchmark,100,-0.028207426576054052,-0.033537820737047905,0.026665563732325745,-0.062119646603868615,-0.04457160779572757,-0.012146891029235626,0.028928342647717858,0.0026665563732325747,-0.0334338770675899,-0.022980976084518205,True
choque_10pct_temporario,temporario,0.9,0.0999999999999999,False,25,final,deficit_governo,p.p. do PIB em relação ao benchmark,100,-0.0158953505387864,-0.007249843584247651,0.0568959982440023,-0.1240465256338028,-0.04747166943390857,0.02388836698138035,0.05599885048228676,0.00568959982440023,-0.027046966194610854,-0.004743734882961948,True
choque_10pct_temporario,temporario,0.9,0.0999999999999999,False,25,final,inflacao,p.p. em relação ao benchmark,100,0.0022995355718793396,0.0160649735309714,0.06469660074887004,-0.10170752628936736,-0.038779923940823725,0.049873268050543124,0.09503520955488895,0.006469660074887004,-0.010380998174899188,0.014980069318657866,False
choque_10pct_temporario,temporario,0.9,0.0999999999999999,False,25,final,pib_real,% em relação ao benchmark,100,-0.11785846511785233,-0.1359950839082413,0.09771856192670646,-0.24929107919516244,-0.17960205262868845,-0.07195160742619605,0.07245820583872672,0.009771856192670646,-0.1370113032554868,-0.09870562698021787,True
choque_10pct_temporario,temporario,0.9,0.0999999999999999,False,25,final,taxa_desemprego,p.p. em relação ao benchmark,100,-0.06636940584010208,-0.05816361153872025,0.05630852924501224,-0.17617371063366763,-0.09168932601337737,-0.026381776745636173,0.0059996290204014134,0.005630852924501224,-0.07740587757212447,-0.05533293410807968,True
choque_20pct_permanente,permanente,0.8,0.1999999999999999,True,5,impacto,deficit_externo,p.p. do PIB em relação ao benchmark,100,-0.017001948719107162,-0.017598589677122148,0.005037397788929442,-0.02683074463654067,-0.019083833746494874,-0.014715908928692175,-0.007409554747784675,0.0005037397788929442,-0.017989278685737332,-0.016014618752476992,True
choque_20pct_permanente,permanente,0.8,0.1999999999999999,True,5,impacto,deficit_governo,p.p. do PIB em relação ao benchmark,100,0.15132220603104987,0.15490159539694665,0.027112244691155907,0.1000883538352601,0.13887020582476306,0.16264467278243008,0.1965427747967052,0.002711224469115591,0.14600820607158332,0.15663620599051642,True
choque_20pct_permanente,permanente,0.8,0.1999999999999999,True,5,impacto,inflacao,p.p. em relação ao benchmark,100,0.35541060688053294,0.34755928450711515,0.04812026407202028,0.3016180865199824,0.31332922126198204,0.3941370947361411,0.4460230062544479,0.004812026407202028,0.34597903512241696,0.36484217863864893,True
choque_20pct_permanente,permanente,0.8,0.1999999999999999,True,5,impacto,pib_real,% em relação ao benchmark,100,-0.47810014117627486,-0.45605529256396715,0.08913081230001053,-0.6111465140105193,-0.5450466132345205,-0.404890976586203,-0.36639137040387626,0.008913081230001053,-0.49556978038707694,-0.4606305019654728,True
choque_20pct_permanente,permanente,0.8,0.1999999999999999,True,5,impacto,taxa_desemprego,p.p. em relação ao benchmark,100,0.20755346507930494,0.17015455789231027,0.09841326179981656,0.10909841611000269,0.1384080674713548,0.25905414953872846,0.44613471798482895,0.009841326179981656,0.1882644657665409,0.22684246439206898,True
choque_20pct_permanente,permanente,0.8,0.1999999999999999,True,6,+1,deficit_externo,p.p. do PIB em relação ao benchmark,100,-0.0818392181771736,-0.0743126191853153,0.024607402104675942,-0.13163205259590324,-0.09639302413264213,-0.06532191191248304,-0.05293866041175061,0.002460740210467594,-0.08666226898969008,-0.07701616736465712,True
choque_20pct_permanente,permanente,0.8,0.1999999999999999,True,6,+1,deficit_governo,p.p. do PIB em relação ao benchmark,100,0.39491366729029287,0.3797915663796329,0.05482545845457416,0.31959128105132983,0.36070049931519943,0.4269845344229143,0.4970491325037573,0.005482545845457416,0.38416787743319636,0.4056594571473894,True
choque_20pct_permanente,permanente,0.8,0.1999999999999999,True,6,+1,inflacao,p.p. em relação ao benchmark,100,0.46190169522018953,0.47710684072447274,0.06573988116602772,0.30810625718955653,0.430659061664923,0.5043648785127308,0.5331609063838426,0.006573988116602772,0.4490166785116481,0.47478671192873095,True
choque_20pct_permanente,permanente,0.8,0.1999999999999999,True,6,+1,pib_real,% em relação ao benchmark,100,-0.9630840021089306,-0.9550884436580143,0.05836661886498163,-1.0664176435348394,-1.0062271268780234,-0.9191152962710891,-0.8873968639268248,0.005836661886498163,-0.974523859406467,-0.9516441448113943,True
choque_20pct_permanente,permanente,0.8,0.1999999999999999,True,6,+1,taxa_desemprego,p.p. em relação ao benchmark,100,0.2818719993638145,0.2547358126869015,0.09296076588742479,0.1766228815736505,0.21233964724998267,0.33706566710369995,0.4664081439371079,0.009296076588742479,0.26365168924987925,0.3000923094777498,True
choque_20pct_permanente,permanente,0.8,0.1999999999999999,True,10,+5,deficit_externo,p.p. do PIB em relação ao benchmark,100,-0.4936955539879596,-0.47562677070820875,0.06905254657196813,-0.6229665734311427,-0.5284418285487166,-0.44447499239921173,-0.40720078506890983,0.006905254657196813,-0.5072298531160654,-0.48016125485985384,True
choque_20pct_permanente,permanente,0.8,0.1999999999999999,True,10,+5,deficit_governo,p.p. do PIB em relação ao benchmark,100,0.8949532198722437,0.8922961116056921,0.07467585278781112,0.7727174845004392,0.8512455423059055,0.9483525095903645,1.018925288384797,0.0074675852787811125,0.8803167527258328,0.9095896870186547,True
choque_20pct_permanente,permanente,0.8,0.1999999999999999,True,10,+5,inflacao,p.p. em relação ao benchmark,100,0.7890742589832351,0.8127912728123299,0.1725182112545353,0.4612539367720536,0.692109962418741,0.9267760719392282,1.0118414535321263,0.01725182112545353,0.7552606895773462,0.8228878283891241,True
choque_20pct_permanente,permanente,0.8,0.1999999999999999,True,10,+5,pib_real,% em relação ao benchmark,100,-3.8449361976911023,-3.8380073152338765,0.1016636075501618,-4.009150946030593,-3.9163823505382442,-3.7746700620900877,-3.688552557386925,0.010166360755016179,-3.864862264770934,-3.8250101306112705,True
choque_20pct_permanente,permanente,0.8,0.1999999999999999,True,10,+5,taxa_desemprego,p.p. em relação ao benchmark,100,0.830026404787294,0.8023540203788329,0.127143689271269,0.6408450804596436,0.7444181937931609,0.9147131219449549,1.067041291381874,0.012714368927126901,0.8051062416901252,0.8549465678844627,True
choque_20pct_permanente,permanente,0.8,0.1999999999999999,True,15,+10,deficit_externo,p.p. do PIB em relação ao benchmark,100,-1.3303735793925295,-1.3163614642095427,0.12480126571285857,-1.5440280402223856,-1.415442362072854,-1.2405814954195202,-1.159382556312614,0.012480126571285857,-1.3548346274722498,-1.3059125313128093,True
choque_20pct_permanente,permanente,0.8,0.1999999999999999,True,15,+10,deficit_governo,p.p. do PIB em relação ao benchmark,100,1.289698329501781,1.287655765161687,0.1143625937563958,1.1346044604250476,1.1979508087687045,1.360374418630062,1.4866655967114422,0.011436259375639581,1.2672832611255274,1.3121133978780346,True
choque_20pct_permanente,permanente,0.8,0.1999999999999999,True,15,+10,inflacao,p.p. em relação ao benchmark,100,-0.04800247816041203,-0.05104041855958915,0.40498191699886243,-0.7076796917727113,-0.3314912250203639,0.2609835685105977,0.5596564875934251,0.04049819169988624,-0.12737893389218907,0.031373977571364994,False
choque_20pct_permanente,permanente,0.8,0.1999999999999999,True,15,+10,pib_real,% em relação ao benchmark,100,-7.446764194305371,-7.432965899073546,0.22522423909491263,-7.845553522332188,-7.613992893399285,-7.261690986641875,-7.11024277643607,0.022522423909491263,-7.490908145167974,-7.402620243442768,True
choque_20pct_permanente,permanente,0.8,0.1999999999999999,True,15,+10,taxa_desemprego,p.p. em relação ao benchmark,100,1.7139758107998704,1.682024758749484,0.18185403728478527,1.4230855054613774,1.5905469433186008,1.8763399560461869,1.981173482887056,0.018185403728478527,1.6783324194920524,1.7496192021076884,True
choque_20pct_permanente,permanente,0.8,0.1999999999999999,True,25,final,deficit_externo,p.p. do PIB em relação ao benchmark,100,-0.5358334543950056,-0.47646704832483733,0.5012257989332503,-1.336120760255725,-0.8309232710065256,-0.23081786806639548,0.2143680867451316,0.050122579893325026,-0.6340737109859227,-0.43759319780408856,True
choque_20pct_permanente,permanente,0.8,0.1999999999999999,True,25,final,deficit_governo,p.p. do PIB em relação ao benchmark,100,0.7725789968501542,0.7389634760525038,0.6720849742629039,-0.24340602680440934,0.24059795665797434,1.2645726407020546,1.8573836534397579,0.0672084974262904,0.640850341894625,0.9043076518056834,True
choque_20pct_permanente,permanente,0.8,0.1999999999999999,True,25,final,inflacao,p.p. em relação ao benchmark,100,5.357105556412324,5.365852261633586,0.7937936537654106,4.0161275740147975,4.933847370432954,5.826675921544777,6.444639653604882,0.07937936537654106,5.201522000274304,5.512689112550344,True
choque_20pct_permanente,permanente,0.8,0.1999999999999999,True,25,final,pib_real,% em relação ao benchmark,100,-9.093562743656786,-9.13621346219507,1.5673554835433396,-11.46565686032831,-10.121477965607621,-8.061218163712889,-6.289260970155878,0.15673554835433395,-9.400764418431281,-8.786361068882291,True
choque_20pct_permanente,permanente,0.8,0.1999999999999999,True,25,final,taxa_desemprego,p.p. em relação ao benchmark,100,1.1444438141363378,1.1651131527282255,0.7142354314620951,-0.017302359862626834,0.5777128338073523,1.601340181975509,2.2968103535457765,0.07142354314620951,1.0044536695697672,1.2844339587029083,True
choque_20pct_temporario,temporario,0.8,0.1999999999999999,False,5,impacto,deficit_externo,p.p. do PIB em relação ao benchmark,100,-0.017001948719107162,-0.017598589677122148,0.005037397788929442,-0.02683074463654067,-0.019083833746494874,-0.014715908928692175,-0.007409554747784675,0.0005037397788929442,-0.017989278685737332,-0.016014618752476992,True
choque_20pct_temporario,temporario,0.8,0.1999999999999999,False,5,impacto,deficit_governo,p.p. do PIB em relação ao benchmark,100,0.15132220603104987,0.15490159539694665,0.027112244691155907,0.1000883538352601,0.13887020582476306,0.16264467278243008,0.1965427747967052,0.002711224469115591,0.14600820607158332,0.15663620599051642,True
choque_20pct_temporario,temporario,0.8,0.1999999999999999,False,5,impacto,inflacao,p.p. em relação ao benchmark,100,0.35541060688053294,0.34755928450711515,0.04812026407202028,0.3016180865199824,0.31332922126198204,0.3941370947361411,0.4460230062544479,0.004812026407202028,0.34597903512241696,0.36484217863864893,True
choque_20pct_temporario,temporario,0.8,0.1999999999999999,False,5,impacto,pib_real,% em relação ao benchmark,100,-0.47810014117627486,-0.45605529256396715,0.08913081230001053,-0.6111465140105193,-0.5450466132345205,-0.404890976586203,-0.36639137040387626,0.008913081230001053,-0.49556978038707694,-0.4606305019654728,True
choque_20pct_temporario,temporario,0.8,0.1999999999999999,False,5,impacto,taxa_desemprego,p.p. em relação ao benchmark,100,0.20755346507930494,0.17015455789231027,0.09841326179981656,0.10909841611000269,0.1384080674713548,0.25905414953872846,0.44613471798482895,0.009841326179981656,0.1882644657665409,0.22684246439206898,True
choque_20pct_temporario,temporario,0.8,0.1999999999999999,False,6,+1,deficit_externo,p.p. do PIB em relação ao benchmark,100,-0.075308612422619,-0.07026987061394095,0.02158004952669268,-0.12324737381732795,-0.08703604230287583,-0.06010006423862225,-0.04958382568442399,0.002158004952669268,-0.07953830212985077,-0.07107892271538724,True
choque_20pct_temporario,temporario,0.8,0.1999999999999999,False,6,+1,deficit_governo,p.p. do PIB em relação ao benchmark,100,0.30888018966331054,0.29941751946031336,0.039354858715130135,0.26452754852371574,0.28190252445363484,0.32642647230936744,0.38333627132391346,0.0039354858715130135,0.30116663735514504,0.31659374197147605,True
choque_20pct_temporario,temporario,0.8,0.1999999999999999,False,6,+1,inflacao,p.p. em relação ao benchmark,100,-0.0224079193330815,-0.00804086131274135,0.06907968404905739,-0.1668790673800513,-0.05012590155663015,0.0216318864988573,0.07323223543746363,0.006907968404905739,-0.03594753740669675,-0.008868301259466254,True
choque_20pct_temporario,temporario,0.8,0.1999999999999999,False,6,+1,pib_real,% em relação ao benchmark,100,-0.3380287996345148,-0.3317157394424119,0.05115352564531369,-0.4429650595680856,-0.35806585264306073,-0.30166654564400264,-0.2725636266269426,0.005115352564531369,-0.3480548906609963,-0.3280027086080333,True
choque_20pct_temporario,temporario,0.8,0.1999999999999999,False,6,+1,taxa_desemprego,p.p. em relação ao benchmark,100,0.03795533360164544,0.0459158972990196,0.03277798895903946,-0.03610775235194063,0.022579383828365898,0.062081737292612627,0.07670561156165287,0.003277798895903946,0.031530847765673706,0.04437981943761718,True
choque_20pct_temporario,temporario,0.8,0.1999999999999999,False,10,+5,deficit_externo,p.p. do PIB em relação ao benchmark,100,-0.20136991854891634,-0.2017774532615248,0.02097062207551067,-0.23076868264859332,-0.21241669338420824,-0.18766097086362887,-0.16903687419139968,0.002097062207551067,-0.20548016047571643,-0.19725967662211624,True
choque_20pct_temporario,temporario,0.8,0.1999999999999999,False,10,+5,deficit_governo,p.p. do PIB em relação ao benchmark,100,0.2506756203206322,0.25079926823563525,0.030981472861777336,0.2065281304469533,0.23086984289926443,0.27087999822326747,0.30283570676739896,0.0030981472861777337,0.24460325163972382,0.25674798900154056,True
choque_20pct_temporario,temporario,0.8,0.1999999999999999,False,10,+5,inflacao,p.p. em relação ao benchmark,100,-0.09851184345379367,-0.0941043644043793,0.05577446967165807,-0.17621099900910758,-0.12126146248357388,-0.06471382092599338,-0.02350507461551623,0.005577446967165807,-0.10944363950943865,-0.08758004739814869,True
choque_20pct_temporario,temporario,0.8,0.1999999999999999,False,10,+5,pib_real,% em relação ao benchmark,100,-0.8870924603409595,-0.8878770844382045,0.06712735368414721,-0.9799647229392394,-0.9418079078581887,-0.8450769394645147,-0.7558487596842961,0.0067127353684147215,-0.9002494216630523,-0.8739354990188666,True
choque_20pct_temporario,temporario,0.8,0.1999999999999999,False,10,+5,taxa_desemprego,p.p. em relação ao benchmark,100,0.14430858923005924,0.13959201759409784,0.040591322207989874,0.07530539170248844,0.11955046735005467,0.16491512083331294,0.21956024603137428,0.004059132220798988,0.13635269007729323,0.15226448838282525,True
choque_20pct_temporario,temporario,0.8,0.1999999999999999,False,15,+10,deficit_externo,p.p. do PIB em relação ao benchmark,100,-0.03217536896759984,-0.031673865275422056,0.03380985784811743,-0.07995802655251809,-0.059517630620046724,-0.0088900176533049,0.025423150805107604,0.003380985784811743,-0.03880210110583086,-0.025548636829368827,True
choque_20pct_temporario,temporario,0.8,0.1999999999999999,False,15,+10,deficit_governo,p.p. do PIB em relação ao benchmark,100,-0.06777905869058794,-0.06038518050836825,0.05876519464652337,-0.1691071565538269,-0.10424007257591043,-0.0247662029468617,0.016447519857625537,0.005876519464652337,-0.07929703684130651,-0.056261080539869356,True
choque_20pct_temporario,temporario,0.8,0.1999999999999999,False,15,+10,inflacao,p.p. em relação ao benchmark,100,0.14412696823926224,0.13743759428689323,0.05084743516550735,0.06361839982561013,0.10593113035757265,0.17718965981361467,0.22782517859521453,0.0050847435165507346,0.1341608709468228,0.15409306553170168,True
choque_20pct_temporario,temporario,0.8,0.1999999999999999,False,15,+10,pib_real,% em relação ao benchmark,100,-0.3671007957248475,-0.3818314429267833,0.13769928570149448,-0.5538012045654489,-0.4751784159466671,-0.2769532078463282,-0.1124925728822885,0.013769928570149447,-0.3940898557223404,-0.3401117357273546,True
choque_20pct_temporario,temporario,0.8,0.1999999999999999,False,15,+10,taxa_desemprego,p.p. em relação ao benchmark,100,-0.21798183356870576,-0.2134293393093074,0.07140576394628337,-0.3373282062260702,-0.2637054478383266,-0.16240365161216408,-0.11815439191895727,0.007140576394628337,-0.2319773633021773,-0.20398630383523422,True
choque_20pct_temporario,temporario,0.8,0.1999999999999999,False,25,final,deficit_externo,p.p. do PIB em relação ao benchmark,100,-0.03584513939284651,-0.04643340219817145,0.061789053311030594,-0.11212439352466701,-0.07769310353691254,-0.00622807322760655,0.09225139141255338,0.006178905331103059,-0.04795579384180851,-0.023734484943884512,True
choque_20pct_temporario,temporario,0.8,0.1999999999999999,False,25,final,deficit_governo,p.p. do PIB em relação ao benchmark,100,-0.03606075055235497,-0.0161283063983469,0.11822815998016026,-0.25692101186513144,-0.09188832987474455,0.05300339251185983,0.11490680658733399,0.011822815998016026,-0.05923346990846638,-0.01288803119624356,True
choque_20pct_temporario,temporario,0.8,0.1999999999999999,False,25,final,inflacao,p.p. em relação ao benchmark,100,0.09459993375237773,0.11170801698370254,0.14587981918331636,-0.1739003493124913,-0.0076487887532561,0.20388046339009921,0.3118494267814253,0.014587981918331636,0.06600748919244773,0.12319237831230773,True
choque_20pct_temporario,temporario,0.8,0.1999999999999999,False,25,final,pib_real,% em relação ao benchmark,100,-0.24986998060630636,-0.29409682409123894,0.20622049201003556,-0.5094490147086383,-0.3919763176079282,-0.1356530937345556,0.16253027930633526,0.020622049201003557,-0.29028919704027334,-0.20945076417233938,True
choque_20pct_temporario,temporario,0.8,0.1999999999999999,False,25,final,taxa_desemprego,p.p. em relação ao benchmark,100,-0.15099547726125262,-0.13192858762023218,0.11588986592131138,-0.38111589133515095,-0.2157508795888933,-0.06244637170307438,-0.005051775733096723,0.011588986592131138,-0.17370989098182965,-0.1282810635406756,True
