rank,taxa_crescimento_populacional,taxa_crescimento_demanda_autonoma,a1,a3,velocidade_ajuste_expectativa_demanda,lambda_expectativa_precos,velocidade_ajuste_estoques_firmas,gamma_investimento_capacidade,gamma_investimento_retorno,eta_preco_padrao,eta_qualidade_padrao,parametro_markup,rho_qualidade,sigma_qualidade,rho_produtividade_idiossincratica,sigma_produtividade_idiossincratica,loss
1,0.0038,0.028500000000000043,0.44999999999999996,0.45000000000000007,0.9800000000000002,0.75,0.45,0.96,0.07,-2.400000000000002,0.49999999999999994,0.19,0.44,0.11,0.42,0.049999999999999996,2.0195996445852886
2,0.0033,0.02700000000000004,0.44999999999999996,0.4600000000000001,0.9800000000000002,0.7,0.42000000000000004,0.9099999999999999,0.04000000000000001,-2.300000000000002,0.49999999999999994,0.22,0.43,0.115,0.42999999999999994,0.024999999999999994,2.1332403144478023
3,0.0033,0.02950000000000004,0.43999999999999995,0.4600000000000001,1.0,0.44999999999999996,0.38000000000000006,0.9099999999999999,0.05000000000000001,-2.150000000000002,0.75,0.21,0.41,0.11,0.42999999999999994,0.024999999999999994,2.1776841470345283
4,0.0036,0.02700000000000004,0.45999999999999996,0.4400000000000001,0.9600000000000002,1.0,0.42000000000000004,0.9099999999999999,0.060000000000000005,-2.400000000000002,0.6,0.22,0.41000000000000003,0.11,0.44999999999999996,0.05499999999999999,2.2268448685911215
5,0.0036,0.02700000000000004,0.41,0.5100000000000001,0.9600000000000002,1.15,0.42000000000000004,0.96,0.07,-2.6000000000000023,0.7,0.19,0.45,0.11,0.44999999999999996,0.06999999999999999,2.2666369249950353
6,0.0033,0.02600000000000004,0.48,0.45000000000000007,0.9100000000000001,0.9,0.45000000000000007,0.9099999999999999,0.09,-2.500000000000002,0.7,0.23,0.43,0.095,0.48,0.05499999999999999,2.2874970429766757
7,0.0043,0.03050000000000004,0.44999999999999996,0.45000000000000007,0.9800000000000002,0.75,0.45,0.96,0.020000000000000004,-2.150000000000002,0.49999999999999994,0.19,0.44,0.11,0.42,0.049999999999999996,2.32525863092721
8,0.0036,0.02700000000000004,0.45999999999999996,0.4800000000000001,0.9600000000000002,1.0,0.42000000000000004,0.96,0.060000000000000005,-2.400000000000002,0.7,0.19,0.45,0.11,0.44999999999999996,0.05499999999999999,2.3253420783526075
9,0.0036,0.02700000000000004,0.41,0.5100000000000001,0.9600000000000002,1.15,0.39,0.96,0.07,-2.6000000000000023,0.7,0.19,0.45,0.11,0.44999999999999996,0.06999999999999999,2.3328324635839013
10,0.0037,0.03100000000000004,0.47,0.47000000000000003,1.0,0.95,0.5,0.95,0.020000000000000004,-2.6000000000000023,0.6499999999999999,0.18,0.41000000000000003,0.115,0.45999999999999996,0.065,2.461187462924841
11,0.0036000000000000003,0.03200000000000004,0.52,0.44000000000000006,1.0,1.15,0.53,0.9299999999999999,0.05,-2.6000000000000023,0.8499999999999999,0.18,0.39,0.10500000000000001,0.44999999999999996,0.08,2.507163936981689
12,0.0039,0.02650000000000004,0.42999999999999994,0.4700000000000001,1.0,0.95,0.43000000000000005,0.9299999999999999,0.04000000000000001,-2.2000000000000024,0.6,0.17,0.48,0.13999999999999999,0.45999999999999996,0.039999999999999994,2.538230461999759
13,0.0039,0.02900000000000004,0.42999999999999994,0.4700000000000001,0.9600000000000002,1.0,0.45000000000000007,0.9199999999999999,0.060000000000000005,-2.3500000000000023,0.49999999999999994,0.17,0.49,0.12,0.44999999999999996,0.04499999999999999,2.611544985032464
14,0.0036999999999999997,0.027500000000000042,0.47,0.4800000000000001,0.9500000000000002,1.0,0.42000000000000004,0.9299999999999999,0.060000000000000005,-2.150000000000002,0.6499999999999999,0.17,0.4,0.135,0.45999999999999996,0.03499999999999999,2.6274422154938977
15,0.0029000000000000002,0.028000000000000042,0.24999999999999994,0.7600000000000002,0.9200000000000003,0.1,0.49,0.07,0.01,-0.9000000000000075,0.6499999999999999,0.18,0.08,0.065,0.46,0.01,2.7127150591905083
16,0.0046,0.023500000000000045,0.45999999999999996,0.44000000000000006,0.9500000000000002,0.8,0.5,0.98,0.09,-2.500000000000002,0.4,0.15000000000000002,0.49,0.15,0.37,0.045000000000000005,2.714801485692808
17,0.0038,0.028500000000000043,0.44999999999999996,0.49000000000000005,0.9800000000000002,0.95,0.45,0.96,0.020000000000000004,-2.400000000000002,0.49999999999999994,0.19,0.44,0.11,0.45999999999999996,0.049999999999999996,2.772906090081624
18,0.0082,0.059000000000000066,0.16999999999999998,0.4,0.30000000000000004,0.55,0.86,0.99,0.07,-2.0500000000000043,1.2499999999999996,0.15,0.43,0.06500000000000002,0.21000000000000002,0.095,2.979155356985262
19,0.0034999999999999996,0.02550000000000004,0.44999999999999996,0.4700000000000001,1.0,1.05,0.45000000000000007,0.96,0.07,-2.3000000000000025,0.65,0.18000000000000002,0.51,0.13999999999999999,0.42999999999999994,0.065,3.0555451566892207
20,0.0038,0.024500000000000043,0.42,0.4000000000000001,0.9100000000000001,1.05,0.55,0.97,0.12,-2.500000000000002,0.25,0.2,0.44,0.15,0.38,0.065,3.15095764993557
21,0.0068000000000000005,0.03250000000000004,0.06,0.4700000000000001,0.9600000000000002,0.30000000000000004,0.71,0.36,0.1,-2.95,1.2499999999999998,0.18,0.45,0.045,0.31,0.095,3.178382511564418
22,0.0039000000000000003,0.03150000000000004,0.52,0.5,1.0,1.05,0.5,0.95,0.010000000000000004,-2.5500000000000025,0.7,0.16999999999999998,0.44000000000000006,0.11,0.49999999999999994,0.060000000000000005,3.392820176772792
23,0.0031,0.02650000000000004,0.45999999999999996,0.5200000000000001,1.0,1.15,0.34,0.99,0.060000000000000005,-2.8500000000000023,0.44999999999999996,0.18,0.44,0.095,0.44999999999999996,0.06499999999999999,3.4584193038635744
24,0.0036000000000000003,0.021500000000000043,0.42999999999999994,0.42000000000000004,0.9100000000000001,1.0,0.52,0.9299999999999999,0.13,-2.9500000000000024,0.25,0.10000000000000002,0.49,0.12999999999999998,0.36,0.065,3.564055356795634
25,0.0041,0.022000000000000044,0.44999999999999996,0.45000000000000007,0.9100000000000001,1.0,0.5,0.95,0.09,-2.750000000000002,0.25,0.15000000000000002,0.49,0.13999999999999999,0.37,0.05,3.5931108030727414
26,0.0037,0.028500000000000043,0.44999999999999996,0.5000000000000001,0.9800000000000002,1.0,0.43,0.96,0.060000000000000005,-2.500000000000002,0.5499999999999999,0.15,0.4,0.08499999999999999,0.42,0.029999999999999995,3.681121733949708
27,0.0013000000000000002,0.017000000000000032,0.3,0.5700000000000002,0.9600000000000002,1.5,0.33,0.34,0.12,-2.0500000000000034,0.44999999999999996,0.24,0.68,0.01,0.59,0.135,3.704933435467568
28,0.0034,0.02950000000000004,0.43999999999999995,0.4700000000000001,1.0,0.95,0.37000000000000005,0.95,0.030000000000000006,-2.500000000000002,0.3499999999999999,0.23,0.39,0.12000000000000001,0.3999999999999999,0.009999999999999995,3.7354833223212647
29,0.0089,0.06,0.14999999999999997,0.4600000000000001,0.26000000000000006,0.6,0.9,0.96,0.03,-2.0000000000000044,1.3999999999999997,0.18,0.41,0.05500000000000001,0.26,0.10500000000000001,3.8125104230655587
30,0.0031999999999999997,0.024500000000000043,0.47,0.5100000000000001,1.0,0.85,0.39,1.0,0.020000000000000004,-2.450000000000002,0.95,0.24,0.4,0.1,0.43999999999999995,0.049999999999999996,3.986464363192538
31,0.0038,0.026500000000000044,0.47,0.4000000000000001,0.9500000000000002,1.0,0.5,0.94,0.08,-2.3500000000000023,0.25,0.2,0.44,0.13,0.37,0.065,4.22782400281447
32,0.0043,0.020000000000000035,0.5599999999999999,0.5600000000000002,0.8300000000000002,0.65,0.48,0.96,0.23,-3.0,0.49999999999999994,0.04,0.67,0.13,0.51,0.034999999999999996,4.320933639226376
33,0.0082,0.059000000000000066,0.21,0.45,0.29000000000000004,0.55,0.86,0.99,0.07,-2.0500000000000043,1.2499999999999996,0.16999999999999998,0.43,0.08000000000000002,0.21000000000000002,0.095,4.493303283692509
34,0.0038,0.026000000000000044,0.49,0.4000000000000001,0.9500000000000002,1.0,0.5,0.94,0.08,-2.3500000000000023,0.25,0.2,0.44,0.13,0.37,0.04,4.523929956458472
35,0.0078000000000000005,0.059000000000000066,0.15999999999999998,0.44,0.30000000000000004,0.7000000000000001,0.86,0.98,0.04000000000000001,-2.0500000000000043,1.2499999999999996,0.15,0.43,0.08500000000000002,0.22000000000000003,0.095,4.652280852218493
36,0.0014,0.056000000000000064,0.39999999999999997,0.23000000000000004,0.49000000000000005,1.1,0.9,0.87,0.06,-1.9500000000000037,2.1999999999999993,0.31,0.77,0.085,0.9,0.09000000000000001,4.8256710428142116
37,0.0037,0.03100000000000004,0.48999999999999994,0.5000000000000001,1.0,0.95,0.45,0.99,0.09000000000000001,-2.450000000000002,0.49999999999999994,0.15,0.44,0.105,0.37,0.049999999999999996,4.8521857832758055
38,0.0086,0.057500000000000065,0.15999999999999998,0.43000000000000005,0.27,0.7000000000000001,0.85,0.94,0.04,-1.9000000000000044,1.3499999999999996,0.18,0.48,0.06500000000000002,0.26,0.095,4.910054988324864
39,0.0089,0.058000000000000065,0.14999999999999997,0.4600000000000001,0.30000000000000004,0.65,0.89,0.96,0.03,-1.7500000000000044,1.3499999999999996,0.16,0.43,0.07500000000000001,0.26,0.1,5.219186892651843
40,0.0118,0.059000000000000066,0.37999999999999995,0.4000000000000001,0.6700000000000002,0.8,0.49,0.39,0.2,-1.900000000000004,0.8999999999999999,0.02,0.1,0.02,0.8200000000000001,0.030000000000000002,5.389223876815521
41,0.0025,0.05200000000000006,0.09999999999999999,0.6100000000000001,0.49000000000000005,1.25,0.12,0.56,0.13,-2.200000000000003,0.39999999999999997,0.2,0.4,0.14,0.11,0.055,5.575351695390569
42,0.0018000000000000002,0.018500000000000034,0.47,0.8500000000000002,0.44000000000000006,0.30000000000000004,0.86,0.9400000000000001,0.08,-1.050000000000007,0.25,0.26,0.08,0.135,0.58,0.06,5.6402878559978635
43,0.0024000000000000002,0.036500000000000046,0.3,0.4800000000000001,1.0,1.0,0.07,0.64,0.15,-1.4500000000000055,0.8499999999999999,0.0,0.77,0.095,0.28,0.025,5.660617620887998
44,0.0041,0.03300000000000004,0.45999999999999996,0.49000000000000005,0.97,0.7999999999999999,0.47,0.8999999999999999,0.0,-2.500000000000002,0.3999999999999999,0.13,0.45,0.095,0.43999999999999995,0.085,5.771157230834376
45,0.0018000000000000002,0.03200000000000004,0.26999999999999996,0.27,0.5800000000000002,0.7000000000000001,0.43,0.33,0.16,-2.0000000000000036,0.7499999999999999,0.01,0.07,0.02,0.8,0.025,6.116865887002494
46,0.0031000000000000003,0.02650000000000004,0.18999999999999997,0.8100000000000002,0.7700000000000002,0.9,0.68,0.96,0.47000000000000003,-2.8500000000000005,0.7999999999999998,0.02,0.93,0.125,0.86,0.09000000000000001,6.184909974983067
47,0.0033,0.01350000000000003,0.31,0.7600000000000002,0.9200000000000003,1.3,0.7000000000000001,0.66,0.96,-0.40000000000000924,0.3,0.26,0.48,0.005,0.19,0.11,6.225781827276018
48,0.008,0.05000000000000006,0.03,0.9300000000000002,0.4100000000000001,0.45,0.31,0.23,0.07,-2.200000000000003,0.49999999999999994,0.48,0.03,0.01,0.76,0.02,6.25841968777632
49,0.0036,0.028000000000000042,0.41,0.5300000000000001,0.9400000000000002,1.05,0.42000000000000004,0.95,0.09,-2.150000000000002,0.8999999999999999,0.16,0.47000000000000003,0.135,0.49999999999999994,0.075,6.685610083806502
50,0.0032,0.03200000000000004,0.51,0.46,1.0,0.75,0.52,0.9199999999999999,0.060000000000000005,-2.400000000000002,0.3999999999999999,0.15,0.44000000000000006,0.10500000000000001,0.45999999999999996,0.085,6.763814506758752
51,0.0045000000000000005,0.03800000000000005,0.43999999999999995,0.9600000000000002,0.4800000000000001,0.35000000000000003,0.75,0.77,0.11,-2.9000000000000004,1.3499999999999996,0.5,0.15,0.04,0.9400000000000001,0.049999999999999996,6.798264095105891
52,0.0103,0.036000000000000046,0.16999999999999996,0.13,1.0,0.1,0.46,0.9,0.14,-0.6000000000000085,1.2999999999999998,0.16,0.33,0.025,0.75,0.115,6.849050199239046
53,0.0093,0.06,0.12999999999999998,0.44000000000000006,0.31000000000000005,0.75,0.86,0.94,0.019999999999999997,-1.8000000000000045,1.3999999999999997,0.15,0.37,0.08000000000000002,0.3,0.10500000000000001,7.036532200584813
54,0.0082,0.05500000000000006,0.18999999999999997,0.43000000000000005,0.22000000000000003,0.65,0.82,0.8899999999999999,0.08,-1.9000000000000044,1.4499999999999997,0.19999999999999998,0.47,0.06500000000000002,0.25,0.115,7.820882253991342
55,0.0029000000000000002,0.03800000000000005,0.41999999999999993,0.28,0.32000000000000006,1.1500000000000001,0.62,0.47000000000000003,0.35000000000000003,-2.9000000000000004,1.2499999999999998,0.04,0.17,0.11,0.55,0.09000000000000001,7.922061761727162
56,0.0059,0.010000000000000026,0.5399999999999999,0.4800000000000001,0.6000000000000002,0.35000000000000003,0.38,0.74,0.0,-2.5500000000000016,0.6499999999999999,0.23,0.86,0.02,0.34,0.005,10.042372586922907
57,0.0029000000000000002,0.03200000000000004,0.29,0.9900000000000002,0.9000000000000002,1.0,0.74,0.91,0.5700000000000001,-2.200000000000003,0.7,0.19,0.46,0.1,0.36,0.07500000000000001,10.199375994020334
58,0.0013,0.056500000000000064,0.44999999999999996,0.23000000000000004,0.49000000000000005,1.1,0.89,0.83,0.049999999999999996,-2.1000000000000036,2.1499999999999995,0.36,0.72,0.1,0.89,0.11000000000000001,10.503407631699202
59,0.0056,0.03300000000000004,0.5099999999999999,0.28,0.8000000000000002,0.30000000000000004,0.04,0.92,0.03,-2.400000000000002,0.44999999999999996,0.08,0.71,0.13,0.25,0.030000000000000002,10.610737010009098
60,0.0027,1.734723475976807e-17,0.07999999999999999,0.22000000000000003,0.9800000000000002,0.8500000000000001,0.9400000000000001,0.25,0.29,-2.3000000000000025,0.3,0.36,0.68,0.11,0.24,0.11,11.854914095349399
61,0.0087,0.058000000000000065,0.15999999999999998,0.5100000000000001,0.30000000000000004,0.65,0.89,0.9199999999999999,0.03,-1.6500000000000044,1.5999999999999996,0.12,0.38,0.1,0.26,0.115,12.468979268335476
62,0.0037,0.004500000000000021,0.59,0.19,0.12000000000000001,0.6000000000000001,0.73,0.8099999999999999,0.9900000000000001,-1.8500000000000039,1.0499999999999998,0.1,0.35000000000000003,0.065,0.24,0.07,12.90760676598739
63,0.0087,0.059000000000000066,0.15999999999999998,0.5600000000000002,0.26000000000000006,0.4,0.9,0.8999999999999999,0.05,-1.6500000000000044,1.5999999999999996,0.07999999999999999,0.33,0.1,0.25,0.10500000000000001,13.144750785525765
64,0.001,0.059000000000000066,0.06,0.7800000000000001,0.13,1.25,0.99,0.96,0.06,-2.3000000000000025,3.599999999999999,0.23,0.47000000000000003,0.08,0.21,0.01,13.239633365168707
65,0.009300000000000001,0.018500000000000034,0.41,0.15000000000000002,0.16000000000000003,1.4000000000000001,0.78,0.65,0.42,-1.4500000000000055,1.4999999999999998,0.09,0.22,0.04,0.92,0.04,13.255727919697835
66,0.0006000000000000001,0.03800000000000005,0.17999999999999997,0.12000000000000001,0.9600000000000002,0.35000000000000003,0.29,0.8200000000000001,0.04,-2.0500000000000034,0.5499999999999999,0.18,0.64,0.045,0.0,0.02,13.479997657827887
67,0.0039000000000000003,0.004500000000000021,0.58,0.19,0.13,0.45,0.78,0.86,0.9400000000000001,-1.900000000000004,1.0999999999999999,0.13,0.39,0.07,0.22,0.095,13.679177002348522
68,0.0087,0.056500000000000064,0.19999999999999996,0.5100000000000001,0.29000000000000004,0.4,0.87,0.95,0.05,-1.5500000000000045,1.5999999999999996,0.19,0.47,0.1,0.24000000000000002,0.12000000000000001,13.786065586955104
69,0.0111,0.02700000000000004,0.19999999999999996,0.5600000000000002,0.42000000000000004,0.1,0.96,0.81,0.55,-1.1500000000000066,1.8499999999999996,0.13,0.29,0.049999999999999996,0.01,0.049999999999999996,13.881608232311923
70,0.0087,0.06,0.11999999999999997,0.5000000000000001,0.35000000000000003,0.7000000000000001,0.85,0.8899999999999999,0.05,-1.7500000000000044,1.5999999999999996,0.11,0.33,0.115,0.23,0.10500000000000001,14.330816682213067
71,0.0011,0.0005000000000000178,0.07999999999999999,0.42000000000000004,0.33,0.0,0.9,0.76,0.51,-1.2500000000000062,1.7499999999999996,0.12,0.27,0.045,0.97,0.045,14.514271769367504
72,0.0024000000000000002,0.048000000000000057,0.44999999999999996,0.5800000000000002,0.08000000000000002,0.9500000000000001,0.37,0.18,0.86,-0.45000000000000906,2.6999999999999993,0.22,0.46,0.07,0.15,0.07,14.880506891185343
73,0.0008,0.008500000000000025,0.37999999999999995,0.7300000000000002,0.4800000000000001,0.9,0.01,0.07,0.11,-1.5500000000000052,1.5999999999999996,0.18,0.48,0.08,0.3,0.10500000000000001,15.267344156465597
74,0.0016,0.058000000000000065,0.42999999999999994,0.19000000000000003,0.54,1.0,0.9,0.89,0.049999999999999996,-2.0000000000000036,1.9499999999999993,0.33,0.73,0.060000000000000005,0.9500000000000001,0.08000000000000002,15.411266918443848
75,0.006900000000000001,0.011000000000000027,0.12999999999999998,0.18000000000000005,0.9100000000000003,0.65,0.88,0.98,0.23,-0.7000000000000082,3.249999999999999,0.06,0.12,0.005,0.28,0.09000000000000001,15.642925939665204
76,0.0041,0.0020000000000000213,0.5599999999999999,0.21,0.13,0.45,0.78,0.83,0.9400000000000001,-1.900000000000004,1.3499999999999999,0.13,0.39,0.07,0.27,0.075,16.694085278617408
77,0.0061,0.05400000000000006,0.31,0.7000000000000002,0.5000000000000001,0.25,0.02,0.86,0.59,-1.050000000000007,1.9499999999999997,0.14,0.31,0.049999999999999996,0.03,0.055,16.91796816747029
78,0.0037,0.0015000000000000187,0.6,0.8100000000000002,0.6900000000000002,1.4000000000000001,0.58,0.91,0.29,-2.6000000000000014,0.9499999999999998,0.41000000000000003,0.5,0.07,0.15,0.02,17.269157859353225
79,0.008700000000000001,0.028000000000000042,0.5499999999999999,0.45000000000000007,0.8700000000000002,0.55,0.08,0.9400000000000001,0.14,-2.8000000000000007,0.6499999999999999,0.28,0.16,0.115,0.47000000000000003,0.045,17.346478613991554
80,0.003,-0.0034999999999999858,0.47,0.6600000000000001,0.23000000000000004,0.25,0.19,0.12,0.98,-2.400000000000002,0.25,0.45,0.96,0.15,0.72,0.015,17.548121923932918
81,0.0043,0.036000000000000046,0.16999999999999996,0.8100000000000002,0.9300000000000002,1.1500000000000001,0.67,0.55,0.33,-1.6500000000000048,1.2499999999999998,0.06,0.17,0.030000000000000002,0.88,0.034999999999999996,17.850930780585106
82,0.0033,0.04400000000000005,0.27999999999999997,0.35000000000000003,0.8200000000000002,1.35,0.25,0.28,0.29,-1.1500000000000066,2.0999999999999996,0.24,0.58,0.095,0.38,0.115,18.841296048825065
83,0.0109,0.05050000000000006,0.12999999999999998,0.36000000000000004,0.34,1.0,0.21,0.78,0.06,-2.100000000000003,0.44999999999999996,0.28,0.58,0.15,0.88,0.07500000000000001,18.934814275017324
84,0.0036000000000000003,0.012500000000000028,0.5399999999999999,0.9700000000000002,0.6700000000000002,0.45,0.14,0.97,0.68,-0.8500000000000076,2.1999999999999993,0.17,0.36,0.06,0.07,0.06,19.159329654736815
85,0.0057,0.012500000000000028,0.26999999999999996,0.9400000000000002,0.7700000000000002,1.05,0.13,0.9400000000000001,0.03,-1.600000000000005,0.49999999999999994,0.33,0.2,0.08,0.87,0.10500000000000001,19.229056352958025
86,0.0055000000000000005,0.05550000000000006,0.59,0.44000000000000006,0.33,0.9,0.05,0.73,0.39,-1.1500000000000066,1.3499999999999996,0.01,0.03,0.125,0.0,0.005,19.60095802787967
87,0.005600000000000001,0.057000000000000065,0.59,0.41000000000000003,0.31,0.9,0.05,0.72,0.39,-1.1500000000000066,1.3499999999999996,0.01,0.06,0.125,0.0,0.005,19.624124741501
88,0.013900000000000001,0.031000000000000045,0.03,0.33,0.22000000000000003,0.55,0.8300000000000001,0.91,0.98,-1.8000000000000043,1.2499999999999998,0.14,0.41000000000000003,0.07,0.24,0.095,20.57376287708187
89,0.0031000000000000003,0.0035000000000000205,0.57,0.7000000000000002,0.9900000000000002,1.3,0.85,1.0,0.73,-0.750000000000008,1.0499999999999998,0.28,0.89,0.025,0.01,0.07500000000000001,21.65602805100373
90,0.012,0.03800000000000005,0.5199999999999999,0.39000000000000007,0.5100000000000001,1.35,0.1,0.98,0.0,-2.2500000000000027,0.7499999999999999,0.02,0.86,0.02,0.12,0.11,21.926119509191725
91,0.013000000000000001,0.023500000000000038,0.59,0.7900000000000001,0.32000000000000006,0.35000000000000003,0.25,0.18,0.03,-2.3000000000000025,0.39999999999999997,0.47000000000000003,0.0,0.01,0.74,0.015,22.842127214013022
92,0.0097,0.0015000000000000187,0.5199999999999999,0.6000000000000002,0.8100000000000002,0.9500000000000001,0.39,0.98,0.85,-2.200000000000003,0.9499999999999998,0.03,0.58,0.055,0.07,0.07500000000000001,26.14861351530054
93,0.0022,0.029000000000000043,0.45999999999999996,0.15000000000000002,1.0,1.25,0.71,1.0,0.03,-2.100000000000003,2.8499999999999996,0.24,0.44,0.07500000000000001,0.43,0.1,26.32956394054591
94,0.0193,0.045000000000000054,0.5199999999999999,0.29000000000000004,0.24000000000000005,1.5,0.84,0.7000000000000001,0.46,-1.3500000000000059,1.5999999999999996,0.1,0.24,0.04,0.9500000000000001,0.045,26.37442953937968
95,0.014100000000000001,0.04450000000000005,0.37999999999999995,0.8100000000000002,0.9900000000000002,0.75,0.18,0.98,0.34,-2.5500000000000016,2.7499999999999996,0.23,0.98,0.04,0.06,0.045,27.715547336970257
96,0.0193,0.04450000000000005,0.59,0.9100000000000003,0.5900000000000002,0.7000000000000001,0.56,0.3,0.1,-2.450000000000002,1.4999999999999998,0.03,0.58,0.034999999999999996,0.85,0.11,27.944783305621673
97,0.006200000000000001,0.012500000000000028,0.47,0.8100000000000002,0.9100000000000003,1.35,0.89,0.97,0.6,-1.2500000000000062,0.35,0.26,0.9,0.06,0.84,0.02,28.14811551819285
98,0.0154,0.01400000000000003,0.06999999999999999,0.45000000000000007,1.0,0.25,0.38,0.6900000000000001,0.11,-2.750000000000001,0.3,0.2,0.47000000000000003,0.065,0.85,0.07500000000000001,28.319044616914226
99,0.013600000000000001,0.03900000000000005,0.09999999999999999,0.17000000000000004,0.7600000000000002,0.6000000000000001,0.2,0.02,0.72,-0.750000000000008,2.3499999999999996,0.18,0.39,0.06,0.09,0.06,29.950530044064546
100,0.0047,-0.002499999999999985,0.37999999999999995,0.6000000000000002,0.9800000000000002,0.55,0.16,0.44,0.04,-2.9000000000000004,0.8499999999999999,0.26,0.31,0.14,0.03,0.045,30.277715059503794
101,0.014100000000000001,0.008000000000000024,0.37999999999999995,0.18000000000000005,0.8200000000000002,0.35000000000000003,0.33,0.62,0.81,-2.0500000000000034,0.35,0.18,0.92,0.125,0.18,0.02,30.99121325385057
102,0.0051,-0.0019999999999999844,0.29,0.7000000000000002,0.36000000000000004,0.8,0.12,0.02,0.4,-2.5000000000000018,1.7999999999999996,0.21,0.47000000000000003,0.11,0.61,0.045,32.19944115656446
103,0.0108,0.035000000000000045,0.48999999999999994,0.8700000000000002,0.5600000000000002,1.0,0.07,0.12,0.16,-1.4500000000000055,1.6999999999999997,0.2,0.5,0.085,0.32,0.10500000000000001,32.25319045078682
104,0.0074,0.030000000000000044,0.12999999999999998,0.8500000000000002,0.25000000000000006,1.1500000000000001,0.49,0.29,0.9400000000000001,-0.25000000000000977,2.9499999999999993,0.25,0.51,0.08,0.2,0.07500000000000001,32.73083019326796
105,0.0179,0.03850000000000005,0.32999999999999996,0.28,0.6100000000000001,1.05,0.45,0.17,0.25,-2.95,0.6499999999999999,0.24,0.65,0.14,0.08,0.14,33.4311076082739
106,0.016800000000000002,0.009500000000000026,0.06,0.6800000000000002,0.8400000000000002,1.05,0.61,0.49,0.29,-1.7000000000000046,1.0999999999999999,0.05,0.15,0.030000000000000002,0.86,0.034999999999999996,34.193097752803915
107,0.0109,0.034000000000000044,0.5199999999999999,0.8900000000000002,0.5900000000000002,0.95,0.11000000000000001,0.07999999999999999,0.12,-1.3500000000000054,1.5499999999999998,0.25,0.47,0.10500000000000001,0.33,0.11000000000000001,34.63913156278534
108,0.011600000000000001,0.006500000000000023,0.43999999999999995,0.35000000000000003,0.9100000000000003,0.15000000000000002,0.24,0.89,0.12,-1.3500000000000059,2.0999999999999996,0.31,0.35000000000000003,0.04,0.07,0.12000000000000001,34.811309711468866
109,0.0108,0.034500000000000045,0.45999999999999996,0.8700000000000002,0.5600000000000002,0.9,0.09000000000000001,0.13,0.12,-1.4500000000000055,1.6499999999999997,0.2,0.5,0.10500000000000001,0.32,0.11000000000000001,35.98178612485122
110,0.0151,0.03300000000000004,0.49999999999999994,0.08000000000000002,0.09000000000000001,0.7000000000000001,0.03,0.76,0.34,-2.200000000000003,0.3,0.37,0.72,0.11,0.38,0.1,37.71671201429191
111,0.0038,-0.013999999999999995,0.39999999999999997,0.7200000000000002,0.9500000000000002,1.4000000000000001,0.21,0.5700000000000001,0.66,-0.40000000000000924,0.35,0.26,0.06,0.06,0.04,0.125,37.72719881097753
112,0.018000000000000002,0.005500000000000022,0.14999999999999997,0.13,0.49000000000000005,0.55,0.37,0.28,0.12,-2.100000000000003,0.6499999999999999,0.49,0.05,0.015,0.78,0.025,39.55595444276405
113,0.0058000000000000005,-0.009499999999999991,0.049999999999999996,0.07,0.6500000000000001,1.1500000000000001,0.13,0.17,0.2,-1.3500000000000059,1.8499999999999996,0.21,0.53,0.09000000000000001,0.34,0.11,43.46065168473901
114,0.0068000000000000005,-0.016999999999999998,0.49999999999999994,0.5400000000000001,0.7500000000000002,0.9,0.55,0.44,0.25,-1.8000000000000043,0.9999999999999998,0.04,0.12,0.025,0.84,0.030000000000000002,44.49635497255533
115,0.0143,-0.00849999999999999,0.29,0.9500000000000002,0.07,1.25,0.72,0.6,0.38,-1.5500000000000052,1.3499999999999996,0.08,0.19,0.034999999999999996,0.9,0.04,47.905994113226356
116,0.0055000000000000005,0.01450000000000003,0.23999999999999996,0.38000000000000006,0.060000000000000005,1.5,0.08,0.02,0.9,-2.6000000000000014,3.7999999999999994,0.43,0.91,0.14500000000000002,0.67,0.01,51.04681662456883
117,0.008700000000000001,0.011500000000000028,0.39999999999999997,0.29000000000000004,0.9600000000000002,0.5,0.9500000000000001,0.93,0.03,-2.450000000000002,1.2499999999999998,0.34,0.05,0.115,0.31,0.045,52.33775133905557
118,0.0086,-0.0054999999999999875,0.21999999999999995,0.31000000000000005,0.8500000000000002,0.7000000000000001,0.26,0.07,0.77,-0.6500000000000083,2.4499999999999993,0.2,0.41000000000000003,0.065,0.11,0.065,54.247623297855505
119,0.0071,0.03800000000000005,0.41999999999999993,0.23000000000000004,0.31000000000000005,0.55,0.6,0.6,0.55,-0.5500000000000087,2.7999999999999994,0.32,0.72,0.115,0.51,0.13,55.25661025341898
120,0.017400000000000002,0.057000000000000065,0.23999999999999996,0.9900000000000002,0.34,1.25,0.55,0.34,0.99,-2.95,3.0499999999999994,0.27,0.53,0.08,0.22,0.07500000000000001,55.416712792604315
121,0.012400000000000001,0.0035000000000000205,0.57,0.7100000000000002,0.16000000000000003,1.05,0.43,0.23,0.9,-0.3500000000000094,2.7999999999999994,0.24,0.48,0.07500000000000001,0.17,0.07,55.84758840525505
122,0.0021000000000000003,-0.014999999999999996,0.18999999999999997,0.8900000000000002,0.14,0.35000000000000003,0.49,0.49,0.46,-0.750000000000008,2.5499999999999994,0.29,0.67,0.11,0.47000000000000003,0.125,56.80224128862651
123,0.0099,0.04200000000000005,0.59,0.33,0.6000000000000002,0.15000000000000002,0.73,0.5,0.12,-2.700000000000001,3.3999999999999995,0.31,0.6,0.09000000000000001,0.28,0.085,58.512022563710325
124,0.0083,0.02600000000000004,0.5199999999999999,0.6200000000000001,1.0,0.1,0.37,0.38,0.37,-0.9500000000000073,2.3499999999999996,0.27,0.62,0.10500000000000001,0.42,0.12000000000000001,58.57399125760291
125,0.0158,0.017500000000000033,0.16999999999999996,0.21000000000000002,0.7400000000000002,1.25,0.19,0.23,0.24,-1.2500000000000062,1.9499999999999997,0.22,0.55,0.09000000000000001,0.36,0.115,58.623592895341964
126,0.0129,0.022500000000000037,0.11999999999999998,0.9400000000000002,0.6900000000000002,0.2,0.9400000000000001,0.37,0.05,-0.750000000000008,1.5499999999999998,0.31,0.52,0.13,0.21,0.14,62.34955388298906
127,0.0183,0.05300000000000006,0.07999999999999999,0.7500000000000002,0.05,0.2,0.43,0.44,0.42,-0.8500000000000076,2.4499999999999993,0.28,0.65,0.10500000000000001,0.45,0.125,63.625705561958746
128,0.006200000000000001,0.006500000000000023,0.27999999999999997,0.4000000000000001,0.44000000000000006,0.6000000000000001,0.16,0.0,0.42,-2.0000000000000036,3.849999999999999,0.36,0.36,0.1,0.12,0.04,63.69214733265417
129,0.0021000000000000003,0.036000000000000046,0.47,0.4000000000000001,0.8500000000000002,1.2000000000000002,0.91,0.36,0.51,-1.300000000000006,0.5499999999999999,0.17,0.42,0.12000000000000001,0.1,0.055,66.47519087119794
130,0.019200000000000002,0.0015000000000000187,0.6,0.4000000000000001,0.27,1.35,0.2,0.98,0.04,-1.300000000000006,1.15,0.05,0.42,0.10500000000000001,0.55,0.09000000000000001,67.78528987069522
131,0.018600000000000002,0.021500000000000036,0.33999999999999997,0.44000000000000006,0.9300000000000002,0.8,0.32,0.13,0.81,-0.5500000000000087,2.5499999999999994,0.21,0.43,0.07,0.13,0.065,67.81745229794194
132,0.0089,0.0070000000000000236,0.02,0.1,0.7700000000000002,0.5,0.89,0.14,0.36,-2.700000000000001,1.4999999999999998,0.34,0.66,0.14,0.46,0.13,75.72307097874001
133,0.0161,-0.014499999999999996,0.42999999999999994,0.8300000000000002,0.5900000000000002,0.35000000000000003,0.08,0.91,0.64,-0.9500000000000073,2.0999999999999996,0.16,0.34,0.055,0.05,0.055,77.4505881215673
134,0.0155,0.03200000000000004,0.6,0.6900000000000002,0.9800000000000002,1.0,0.29,0.49,0.05,-2.3000000000000025,2.1499999999999995,0.03,0.61,0.13,0.22,0.02,79.72815111474377
135,0.0001,0.02450000000000004,0.14999999999999997,0.6000000000000002,0.7700000000000002,0.35000000000000003,0.85,0.6,0.2,-2.5000000000000018,3.6499999999999995,0.33,0.65,0.1,0.32,0.09000000000000001,82.36622114105816
136,0.0049,-0.011499999999999993,0.36,0.060000000000000005,0.42000000000000004,1.4000000000000001,0.61,0.39,0.03,-2.9000000000000004,3.1999999999999993,0.28,0.55,0.085,0.24,0.08,82.52911765806257
137,0.012100000000000001,0.011500000000000028,0.31,0.09000000000000001,0.23000000000000004,0.45,0.54,0.54,0.51,-0.6500000000000083,2.6999999999999993,0.31,0.7000000000000001,0.115,0.49,0.13,85.03283896740489
138,0.0034000000000000002,0.03800000000000005,0.31999999999999995,0.13,0.9600000000000002,0.65,0.46,0.79,0.44,-0.9000000000000075,3.099999999999999,0.16,0.04,0.12000000000000001,0.65,0.07500000000000001,85.90916756505675
139,0.011000000000000001,0.057500000000000065,0.4799999999999999,0.17000000000000004,0.4700000000000001,0.1,0.36,0.98,0.72,-1.900000000000004,3.6499999999999995,0.47000000000000003,0.45,0.125,0.54,0.055,91.35011411549596
140,0.0189,-0.018,0.25999999999999995,0.6000000000000002,0.39000000000000007,0.8,0.9500000000000001,0.02,0.07,-1.6500000000000048,1.4999999999999998,0.17,0.46,0.08,0.28,0.1,93.62704615482025
141,0.0182,-0.014499999999999996,0.58,0.4100000000000001,0.9400000000000002,1.0,0.87,0.9500000000000001,0.0,-3.0,1.3999999999999997,0.43,0.91,0.07500000000000001,0.04,0.045,95.60992187984642
142,0.0167,-0.009499999999999991,0.45999999999999996,0.8400000000000002,0.9900000000000002,1.0,0.78,0.21,0.5,-1.6500000000000048,2.5999999999999996,0.39,0.63,0.049999999999999996,0.84,0.04,95.8026842948413
143,0.0165,0.04050000000000005,0.41999999999999993,0.36000000000000004,0.4800000000000001,0.65,0.0,0.15,0.18,-0.9500000000000073,3.349999999999999,0.19,0.48,0.15,0.12,0.015,98.80163674520682
144,0.013300000000000001,-0.0004999999999999831,0.39999999999999997,0.4800000000000001,0.9100000000000003,1.5,0.31,0.33,0.33,-1.050000000000007,2.1999999999999993,0.25,0.6,0.1,0.4,0.12000000000000001,100.05574060742612
145,0.0046,0.020500000000000036,0.09999999999999999,0.5000000000000001,0.49000000000000005,0.8,0.72,0.7000000000000001,0.64,-0.3500000000000094,3.0499999999999994,0.35000000000000003,0.77,0.125,0.55,0.135,100.11107782739181
146,0.0149,0.015500000000000031,0.47,0.19,0.5100000000000001,0.0,0.67,0.44,0.07,-2.8000000000000007,3.2999999999999994,0.29,0.58,0.09000000000000001,0.26,0.085,102.5978297612923
147,0.010100000000000001,0.05100000000000006,0.26999999999999996,0.7400000000000002,0.8500000000000002,0.45,0.9,0.65,0.25,-2.400000000000002,3.7999999999999994,0.35000000000000003,0.67,0.10500000000000001,0.34,0.095,108.51011723023653
148,0.0146,0.047000000000000056,0.20999999999999996,0.6400000000000001,0.5700000000000002,0.9,0.78,0.75,0.68,-0.3000000000000096,3.1499999999999995,0.36,0.79,0.125,0.5700000000000001,0.14,117.83341281416907
149,0.0005,0.056000000000000064,0.5599999999999999,0.11000000000000001,0.8300000000000002,1.25,0.96,0.91,0.81,-2.8000000000000007,3.5499999999999994,0.4,0.86,0.135,0.63,0.15,118.8720953911358
150,0.0097,0.04100000000000005,0.42999999999999994,0.7900000000000001,0.9800000000000002,0.35000000000000003,0.58,0.06,0.3,-1.7000000000000046,3.5499999999999994,0.24,0.47000000000000003,0.115,0.85,0.06,120.89896672850769
151,0.0048000000000000004,0.021500000000000036,0.5399999999999999,0.33,0.5200000000000001,1.2000000000000002,0.47000000000000003,0.9500000000000001,0.63,-2.0000000000000036,3.6999999999999993,0.16,0.32,0.14,0.16,0.095,127.87566128933317
152,0.0077,0.021500000000000036,0.6,0.08000000000000002,0.9400000000000002,0.15000000000000002,0.61,0.96,0.1,-2.400000000000002,3.099999999999999,0.5,0.6,0.125,0.55,0.065,133.77060749703304
153,0.0155,0.04100000000000005,0.35,0.5200000000000001,0.15000000000000002,0.1,0.14,0.07,0.9400000000000001,-2.5000000000000018,3.899999999999999,0.44,0.93,0.14500000000000002,0.7000000000000001,0.01,141.82847467979457
154,0.0178,0.008000000000000024,0.57,1.0,0.9500000000000002,0.2,0.14,0.33,0.03,-2.400000000000002,2.5999999999999996,0.28,0.42,0.14500000000000002,0.56,0.005,148.69674520384675
155,0.0051,0.006500000000000023,0.38999999999999996,0.8700000000000002,0.9400000000000002,0.6000000000000001,0.96,0.71,0.29,-2.3000000000000025,3.899999999999999,0.36,0.7000000000000001,0.10500000000000001,0.36,0.095,179.62637872787315
156,0.0171,-0.006499999999999988,0.5399999999999999,0.37000000000000005,0.4000000000000001,0.7000000000000001,0.66,0.65,0.59,-0.45000000000000906,2.9499999999999993,0.33,0.74,0.12000000000000001,0.53,0.135,179.85960955755772
157,0.0199,-0.002499999999999985,0.039999999999999994,0.4700000000000001,0.6800000000000002,0.25,0.79,0.55,0.16,-2.6000000000000014,3.5499999999999994,0.32,0.62,0.095,0.3,0.09000000000000001,198.69450318188305
158,0.009600000000000001,0.0025000000000000196,0.32999999999999996,0.7700000000000002,0.6600000000000001,1.0,0.84,0.81,0.72,-3.0,3.2999999999999994,0.37,0.8200000000000001,0.13,0.59,0.14500000000000002,199.18706777783288
159,0.0105,-0.012499999999999994,0.11999999999999998,0.25000000000000006,0.9200000000000003,1.35,0.02,0.96,0.85,-2.700000000000001,3.6499999999999995,0.41000000000000003,0.89,0.14,0.65,0.005,199.21483363567955
160,0.0196,0.029000000000000043,0.44999999999999996,0.9100000000000003,0.7500000000000002,1.1500000000000001,0.9,0.86,0.77,-2.9000000000000004,3.3999999999999995,0.39,0.84,0.135,0.61,0.14500000000000002,232.46919770572774
