Código CNAE 2.0,Seções e divisões da classificação de atividades ,Faias de pessoal ocupado total,"Número de empresas 
e outras 
organizações",Pessoal ocupado total,"Pessoal ocupado
assalariado","Pessoal ocupado
assalariado.1","Pessoal ocupado
assalariado.2","Pessoal ocupado
assalariado.3","Pessoal ocupado
assalariado.4",Pessoal assalariado médio,Pessoal assalariado médio.1,Pessoal assalariado médio.2,Pessoal assalariado médio.3,Pessoal assalariado médio.4,Salários e outras remunerações,Salários e outras remunerações.1,Salários e outras remunerações.2,Salários e outras remunerações.3,Salários e outras remunerações.4,"Salário médio  mensal 
(salários mínimos) (1) (2)","Salário médio  mensal 
(salários mínimos) (1) (2).1","Salário médio  mensal 
(salários mínimos) (1) (2).2","Salário médio  mensal 
(salários mínimos) (1) (2).3","Salário médio  mensal 
(salários mínimos) (1) (2).4","Salário médio mensal 
(R$) (2)","Salário médio mensal 
(R$) (2).1","Salário médio mensal 
(R$) (2).2","Salário médio mensal 
(R$) (2).3","Salário médio mensal 
(R$) (2).4",setor,limite_inferior,numero_empresas,pessoal_ocupado
A,"Agricultura, pecuária, produção florestal, pesca e aquicultura",0 a 4,91130,118158,15329,12379,2950,937,14392,26174.95,22066.93,4108.02,1099.61,25075.34,580660.992,499901.184,80759.808,48161.907,532499.085,1.551318,1.584186,1.374759,3.062873,1.485033,1706.44949288714,1742.60475883003,1512.23531605906,3369.16004485506,1633.53589929082,A,0,91130,118158.0
A,"Agricultura, pecuária, produção florestal, pesca e aquicultura",5 a 9,7489,47911,28080,23513,4567,1487,26593,30624.71,25978.11,4646.6,1487.66,29137.05,713059.933,611785.779,101274.154,71318.891,641741.042,1.628238,1.646857,1.524149,3.35247,1.540204,1791.0623178774,1811.54227688086,1676.56340947392,3687.71664120937,1694.22421070292,A,5,7489,47911.0
A,"Agricultura, pecuária, produção florestal, pesca e aquicultura",10 a 19,4000,52931,39997,34082,5915,1796,38201,40298.54,34401.9,5896.64,1762.27,38536.27,982879.404,849382.986,133496.418,101625.64,881253.764,1.705591,1.726574,1.583175,4.03269,1.599172,1876.15005407144,1899.2309369317,1741.49265187789,4435.95869139061,1759.08958176085,A,10,4000,52931.0
A,"Agricultura, pecuária, produção florestal, pesca e aquicultura",20 a 29,1170,27718,24664,20989,3675,1115,23549,24248.89,20559.39,3689.5,1093.06,23155.83,628216.787,538804.849,89411.938,66521.848,561694.939,1.811681,1.832674,1.694697,4.25583,1.696306,1992.84867186784,2015.94146743429,1864.16625142035,4681.41294235379,1865.93626745403,A,20,1170,27718.0
A,"Agricultura, pecuária, produção florestal, pesca e aquicultura",30 a 49,903,34044,31921,26834,5087,1452,30469,30731.5,25971.32,4760.18,1401.1,29330.4,781842.005,668286.159,113555.846,91181.1,690660.905,1.779095,1.799419,1.668208,4.550925,1.646686,1957.00478962328,1979.36137306015,1835.02831340896,5006.01725018255,1811.35483740682,A,30,903,34044.0
A,"Agricultura, pecuária, produção florestal, pesca e aquicultura",50 a 99,737,50865,48948,40211,8737,2662,46286,47120.07,38843.55,8276.52,2519.6,44600.47,1299818.904,1097315.397,202503.507,207356.288,1092462.616,1.929038,1.975498,1.710995,5.755056,1.712896,2121.94229631793,2173.04743496173,1882.09450906345,6330.56187184779,1884.18610490324,A,50,737,50865.0
A,"Agricultura, pecuária, produção florestal, pesca e aquicultura",100 a 249,437,66712,65325,54089,11236,3584,61741,62967.24,52107.73,10859.51,3538.46,59428.78,1777628.257,1510182.109,267446.148,276584.78,1501043.477,1.974196,2.026708,1.722226,5.466105,1.766284,2171.61551234969,2229.37853056469,1894.44833287916,6012.71522291966,1942.91188286473,A,100,437,66712.0
A,"Agricultura, pecuária, produção florestal, pesca e aquicultura",250 a 499,169,57003,56353,44934,11419,2983,53370,54322.15,43853.46,10468.69,2903.15,51419,1590336.305,1334722.751,255613.554,275435.896,1314900.409,2.047274,2.12839,1.70748,6.634604,1.78827,2252.00147496145,2341.22873876209,1878.22746465155,7298.06472810038,1967.09747968051,A,250,169,57003.0
A,"Agricultura, pecuária, produção florestal, pesca e aquicultura",500 ou mais,133,169290,168818,133989,34829,10774,158044,166170.91,133317.65,32853.26,10542.2,155628.71,5267623.974,4445469.024,822154.95,1091374.665,4176249.309,2.216786,2.331814,1.750005,7.239467,1.876552,2438.46437474433,2564.99537527332,1925.00496028517,7963.41345332969,2064.20747718177,A,500,133,169290.0
B,Indústrias etrativas,0 a 4,7480,12959,3063,2691,372,177,2886,3587.03,3147.33,439.7,209.81,3377.22,102246.236,89192.904,13053.332,22167.717,80078.519,1.993317,1.981764,2.076007,7.388542,1.658138,2192.64825689305,2179.94065299305,2283.60805444271,8127.39621562366,1823.95167531966,B,0,7480,12959.0
B,Indústrias etrativas,5 a 9,1573,10323,6806,6046,760,299,6507,6585.88,5860.12,725.76,277.97,6307.91,189426.634,164989.477,24437.157,36938.144,152488.49,2.011366,1.968855,2.354624,9.292683,1.690501,2212.50304263994,2165.74033138728,2590.08667836793,10221.9509022833,1859.55155450123,B,5,1573,10323.0
B,Indústrias etrativas,10 a 19,1119,15139,12356,11027,1329,667,11689,12178.08,10876.03,1302.05,664.92,11513.16,399433.35,353583.612,45849.738,72828.913,326604.437,2.293662,2.273451,2.462483,7.659464,1.983771,2523.02845010809,2500.79664956932,2708.73078843126,8425.41069139607,2182.14792730834,B,10,1119,15139.0
B,Indústrias etrativas,20 a 29,442,10593,9578,8522,1056,652,8926,9332.77,8310.51,1022.26,601.98,8730.79,383046.121,326222.758,56823.363,109026.658,274019.463,2.870149,2.745052,3.887134,12.665274,2.194784,3157.1640821288,3019.55695952382,4275.8475564699,13931.8017209874,2414.26265329589,B,20,442,10593.0
B,Indústrias etrativas,30 a 49,354,13401,12852,11499,1353,830,12022,12802.45,11486.25,1316.2,832.85,11969.6,493887.777,435521.923,58365.854,93757.556,400130.221,2.697734,2.651525,3.100994,7.872333,2.337683,2967.5075834343,2916.67745213759,3411.09335733405,8659.56617915314,2571.4516583036,B,30,354,13401.0
B,Indústrias etrativas,50 a 99,316,22148,21711,19331,2380,1819,19892,21138.34,18850.8,2287.54,1776.87,19361.47,1015208.353,883840.723,131367.63,306797.92,708410.433,3.358523,3.278749,4.015907,12.074265,2.558648,3694.37478206752,3606.62401187626,4417.49753346053,13281.6919639591,2814.5130628392,B,50,316,22148.0
B,Indústrias etrativas,100 a 249,144,22025,21844,18916,2928,3607,18237,21021.37,18346.5,2674.87,3264.19,17757.18,1702288.108,1462655.99,239632.118,757018.933,945269.175,5.662862,5.575103,6.264787,16.217924,3.722592,6229.1486747497,6132.61380812521,6891.2656862404,17839.7169329557,4094.85140441998,B,100,144,22025.0
B,Indústrias etrativas,250 a 499,37,12933,12905,11333,1572,2903,10002,12154.03,10658.38,1495.65,2716.9,9437.13,1188062.978,1056233.523,131829.455,548948.713,639114.265,6.835702,6.929992,6.16377,14.129347,4.7359,7519.27219581932,7622.99078644799,6780.14729896186,15542.2813047676,5209.49014893625,B,250,37,12933.0
B,Indústrias etrativas,500 ou mais,47,110762,110720,91325,19395,29571,81149,109344.6,91169.67,18174.93,28781.08,80563.52,10087845.938,8428981.733,1658864.205,5361793.435,4726052.503,6.451565,6.4653,6.382665,13.027676,4.102268,7096.72127454783,7111.83017587723,7020.93151644347,14330.443779252,4512.49523643914,B,500,47,110762.0
C,Indústrias de transformação,0 a 4,237364,456744,164635,111155,53480,8015,156620,198004.21,133989.03,64015.18,9840.26,188163.95,4183865.607,3004749.333,1179116.274,366974.05,3816891.557,1.477635,1.568205,1.288065,2.607911,1.418526,1625.39885350456,1725.0260269585,1416.87099600679,2868.70195268449,1560.37882307506,C,0,237364,456744.0
C,Indústrias de transformação,5 a 9,74679,493959,375690,257290,118400,17570,358120,367407.33,252282.68,115124.65,17366.05,350041.28,8347387.574,6078751.189,2268636.385,616005.693,7731381.881,1.588791,1.684965,1.378036,2.480548,1.544549,1747.66991301327,1853.46154285222,1515.83949357367,2728.60283758784,1699.00442357497,C,5,74679,493959.0
C,Indústrias de transformação,10 a 19,51949,704660,615838,418527,197311,30760,585078,606106.29,413527.21,192579.08,30421.22,575685.07,15232116.13,11100891.918,4131224.212,1316102.098,13916014.032,1.757419,1.877231,1.500146,3.025359,1.690417,1933.16132846803,2064.9542334181,1650.160951263,3327.8949010946,1859.45871037815,C,10,51949,704660.0
C,Indústrias de transformação,20 a 29,18805,447630,415888,277618,138270,22261,393627,413639.86,277430.46,136209.4,22397.96,391241.9,10979570.872,7901107.813,3078463.059,1117531.238,9862039.634,1.856209,1.99158,1.580487,3.489114,1.762728,2041.83024036714,2190.73826311979,1738.53530440856,3838.02548913452,1939.00099499725,C,20,18805,447630.0
C,Indústrias de transformação,30 a 49,13195,500663,482785,321496,161289,29279,453506,479471.82,320720.11,158751.71,29484.15,449987.67,13621080.388,9840557.272,3780523.116,1759060.514,11862019.874,1.986609,2.145643,1.665319,4.172114,1.84341,2185.27006334082,2360.20729725991,1831.85094800893,4589.32501804424,2027.75126534194,C,30,13195,500663.0
C,Indústrias de transformação,50 a 99,9626,665216,651873,442022,209851,51662,600211,643550.73,438125.53,205425.2,51385.17,592165.56,20873408.067,15383292.392,5490115.675,3951199.213,16922208.854,2.268164,2.455357,1.868924,5.377186,1.998379,2494.98089200305,2700.89301575281,2055.81686367892,5914.90503972255,2198.21695369217,C,50,9626,665216.0
C,Indústrias de transformação,100 a 249,5301,813863,805966,565567,240399,89143,716823,798960.1,561989.73,236970.37,88441.33,710518.77,31836100.153,24161940.789,7674159.364,8631714.178,23204385.975,2.786498,3.006543,2.264648,6.825049,2.283802,3065.14778522732,3307.1971438394,2491.11292300773,7507.55346727947,2512.18242595856,C,100,5301,813863.0
C,Indústrias de transformação,250 a 499,1981,687715,684705,485784,198921,88897,595808,683214.21,485670.14,197544.07,88829.05,594385.16,30928033.909,23760408.977,7167624.932,10094094.87,20833939.039,3.165624,3.421184,2.53732,7.946508,2.451136,3482.1868407297,3763.30273765964,2791.05196121554,8741.15884560114,2696.24950816015,C,250,1981,687715.0
C,Indústrias de transformação,500 ou mais,1805,3399733,3396922,2434571,962351,529900,2867022,3418545.54,2472315.8,946229.74,536496.99,2882048.55,191323537.145,149417979.537,41905557.608,80029945.025,111293592.12,3.913731,4.226325,3.096984,10.431558,2.700429,4305.1043178439,4648.95735957979,3406.68264282691,11474.7141774415,2970.47235643977,C,500,1805,3399733.0
D,Eletricidade e gás,0 a 4,5841,9060,611,495,116,166,445,1299.06,1011.81,287.25,637.84,661.22,137116.689,110217.345,26899.344,99560.914,37555.775,7.381168,7.617543,6.548557,10.915436,3.971867,8119.28441749004,8379.29780066644,7203.41273348062,12006.9795656495,4369.05382358484,D,0,5841,9060.0
D,Eletricidade e gás,5 a 9,680,4288,1485,1189,296,505,980,1517.02,1221.21,295.81,493.97,1023.05,109629.872,89118.726,20511.146,57639.952,51989.92,5.053608,5.1032,4.848876,8.159941,3.553745,5558.96895025977,5613.51988223534,5333.76309637423,8975.93469550471,3909.11941291688,D,5,680,4288.0
D,Eletricidade e gás,10 a 19,347,4440,2863,2277,586,972,1891,2776.12,2200.81,575.31,973.96,1802.16,238225.841,190854.687,47371.154,136721.678,101504.163,6.000875,6.06435,5.758058,9.81658,3.938714,6600.96274379627,6670.7847425406,6333.86334858932,10798.2382786215,4332.58564082076,D,10,347,4440.0
D,Eletricidade e gás,20 a 29,87,4448,3509,2815.5,693.5,1191,2318,3427.815,2755.91,671.905,1206.5149999999999,2221.3,302178.8365,246618.48950000003,55560.347,172983.027,129195.8095,5.752855,5.75459,5.74362,9.03899,4.212302,6752.364940871255,6847.94236473035,6357.439656878115,10991.52299415075,4451.5683514116245,D,20,87,4448.0
D,Eletricidade e gás,30 a 49,114,4456,4155,3354,801,1410,2745,4079.51,3311.01,768.5,1439.07,2640.44,366131.832,302382.292,63749.54,209244.376,156887.456,6.276152,6.386455,5.800924,10.168007,4.155046,6903.76713794624,7025.0999869201,6381.01596516691,11184.80770968,4570.55106200249,D,30,114,4456.0
D,Eletricidade e gás,50 a 99,91,6339,6091,4770,1321,2426,3665,5939.05,4650.65,1288.4,2392.14,3546.91,628034.613,506732.931,121301.682,389145.281,238889.332,7.39487,7.619552,6.583852,11.375988,4.709888,8134.35732080953,8381.50715077876,7242.23736059036,12513.5871581995,5180.87644218163,D,50,91,6339.0
D,Eletricidade e gás,100 a 249,72,7295.5,7156,5717.5,1438.5,2930,4226,6925.095,5523.67,1401.4250000000002,2888.715,4036.38,738382.797,602112.767,136270.03,456392.603,281990.194,6.858776,7.010903,6.318716,10.640703,4.113022,8193.448612552085,8384.584850146024,7462.025076879875,12206.0614750214,5353.12415938885,D,100,72,7295.5
D,Eletricidade e gás,250 a 499,24,8252,8221,6665,1556,3434,4787,7911.14,6396.69,1514.45,3385.29,4525.85,848730.981,697492.603,151238.378,523639.925,325091.056,7.502309,7.625148,6.983466,10.816851,5.023065,8252.53990429464,8387.66254951329,7681.81279316939,11898.5357918433,5525.37187659607,D,250,24,8252.0
D,Eletricidade e gás,500 ou mais,54,97699,97648,78699,18949,34751,62897,97915.63,79223.6,18692.03,35244.52,62671.11,9485940.746,7848530.157,1637410.589,5316387.921,4169552.825,6.774736,6.927838,6.125832,10.548459,4.652497,7452.20910790553,7620.62174655027,6738.41528674562,11603.3050528139,5117.74616234351,D,500,54,97699.0
E,"Água, esgoto, atividades de gestão de resíduos e descontaminação",0 a 4,9187,15873,5452,4410,1042,249,5203,6272.2,5125.86,1146.34,280.09,5992.11,137398.572,113732.996,23665.576,11179.575,126218.997,1.531885,1.551614,1.443669,2.791204,1.473021,1685.07396496874,1706.77544841256,1588.03576868723,3070.32492303298,1620.32299396784,E,0,9187,15873.0
E,"Água, esgoto, atividades de gestão de resíduos e descontaminação",5 a 9,2070,13570,10331,8321,2010,514,9817,10108.16,8191.79,1916.37,534.16,9574,240961.26,199272.604,41688.656,23351.911,217609.349,1.667013,1.701111,1.521257,3.057138,1.589454,1833.71469569749,1871.22251011731,1673.38232820786,3362.85166645546,1748.39990519195,E,5,2070,13570.0
E,"Água, esgoto, atividades de gestão de resíduos e descontaminação",10 a 19,1478,19771,16972,13836,3136,1029,15943,16605.47,13546.9,3058.57,989.97,15615.5,429104.567,355794.281,73310.286,47979.915,381124.652,1.807074,1.836636,1.676141,3.389233,1.70677,1987.78135249316,2020.29917148232,1843.7546857619,3728.15609797033,1877.44746713694,E,10,1478,19771.0
E,"Água, esgoto, atividades de gestão de resíduos e descontaminação",20 a 29,481,11539,10912,8999,1913,776,10136,10222.74,8428.08,1794.66,773.23,9449.51,297787.179,248028.5,49758.679,43127.691,254659.488,2.037054,2.05796,1.938879,3.900421,1.88458,2240.75992120734,2263.7558476682,2132.76648073044,4290.46298295163,2073.03779609899,E,20,481,11539.0
E,"Água, esgoto, atividades de gestão de resíduos e descontaminação",30 a 49,428,16362,15894,12877,3017,1552,14342,15529.33,12690.64,2838.69,1536.97,13992.36,475005.535,387304.432,87701.103,90118.885,384886.65,2.138996,2.134189,2.160484,4.100288,1.92356,2352.89528316368,2347.60804934854,2376.53237666237,4510.31700233376,2115.91649904772,E,30,428,16362.0
E,"Água, esgoto, atividades de gestão de resíduos e descontaminação",50 a 99,402,27774,27417,22349,5068,3044,24373,27507.11,22520.9,4986.21,3037.88,24469.23,913402.236,756080.144,157322.092,199684.833,713717.403,2.322101,2.347719,2.206394,4.596618,2.039717,2554.31088404192,2582.49053443349,2427.03363569031,5056.27996143059,2243.68885707918,E,50,402,27774.0
E,"Água, esgoto, atividades de gestão de resíduos e descontaminação",100 a 249,234,36565,36355,29708,6647,4848,31507,35730.01,29176.8,6553.21,4847.66,30882.35,1423711.97,1161686.885,262025.085,405707.715,1018004.255,2.786461,2.784296,2.7961,5.852549,2.305171,3065.10704543926,3062.7255084651,3075.71034183717,6437.80417133849,2535.6884957066,E,100,234,36565.0
E,"Água, esgoto, atividades de gestão de resíduos e descontaminação",250 a 499,112,39735,39624,32280,7344,5365,34259,41812.59,32914.84,8897.75,5643.26,36169.33,1602753.532,1269989.221,332764.311,455293.107,1147460.425,2.680548,2.698188,2.615294,5.641895,2.218509,2948.60311764397,2968.00709158731,2876.82331963785,6206.08419465126,2440.36001049678,E,250,112,39735.0
E,"Água, esgoto, atividades de gestão de resíduos e descontaminação",500 ou mais,147,262099,262016,211552,50464,41501,220515,263314.7,213833.28,49481.42,41845.95,221468.75,13975248.799,11247497.922,2727750.877,5038595.753,8936653.046,3.711491,3.678278,3.855019,8.420154,2.821801,4082.64004396494,4046.10614328206,4240.52079625972,9262.16966498091,3103.98126007533,E,500,147,262099.0
F,Construção,0 a 4,239501,401723,83894,70024,13870,5137,78757,116355.32,101076.27,15279.05,6149.24,110206.08,2493136.585,2160078.753,333057.832,231026.5,2262110.085,1.498386,1.49446,1.524359,2.627268,1.435397,1648.22491406231,1643.90617181385,1676.79490745624,2889.9944108165,1578.93709745345,F,0,239501,401723.0
F,Construção,5 a 9,35751,231253,152472,135275,17197,7375,145097,152992.85,136372.31,16620.54,7274.14,145718.71,3430123.155,3027580.678,402542.477,302565.763,3127557.392,1.567843,1.552507,1.693677,2.908721,1.500908,1724.62717903283,1707.75739873157,1863.04451739095,3199.5932799669,1650.99826814384,F,5,35751,231253.0
F,Construção,10 a 19,20009,266669,216739,196290,20449,10129,206610,212060.4,192433.36,19627.04,10060.63,201999.77,5116615.238,4584686.337,531928.901,481928.898,4634686.34,1.68728,1.66607,1.895234,3.349822,1.604477,1856.00794650232,1832.67693174006,2084.75693580034,3684.80440015264,1764.92445435039,F,10,20009,266669.0
F,Construção,20 a 29,6735,160638,145846,133692,12154,6724,139122,139507.62,127910.53,11597.09,6610.92,132896.7,3539634.032,3200121.451,339512.581,340569.412,3199064.62,1.774289,1.749541,2.04725,3.602531,1.683344,1951.71805613971,1924.49510246312,2251.97462334218,3962.78386017726,1851.67798633189,F,20,6735,160638.0
F,Construção,30 a 49,4960,187428,179218,165865,13353,7998,171220,173575.95,160740.43,12835.52,7961.8,165614.15,4583899.164,4193667.065,390232.099,448225.903,4135673.261,1.846756,1.824453,2.12605,3.936857,1.746275,2031.43135901028,2006.89878850498,2338.65505793538,4330.5427937633,1920.90296864498,F,30,4960,187428.0
F,Construção,50 a 99,3605,248252,243284,224341,18943,12222,231062,230186.69,212402.1,17784.59,11976.63,218210.06,6595937.743,5996059.431,599878.312,795327.151,5800610.592,2.003827,1.974109,2.358757,4.643817,1.858929,2204.21009739797,2171.5196829323,2594.6330805749,5108.19918586319,2044.82238247508,F,50,3605,248252.0
F,Construção,100 a 249,1945,290811,287971,263621,24350,16610,271361,277016.05,254672.26,22343.79,16072.08,260943.97,8675985.753,7871657.134,804328.619,1186162.273,7489823.48,2.19017,2.161466,2.517333,5.161025,2.007189,2409.18719136143,2377.61304364586,2769.06613563631,5677.12777495077,2207.90795699287,F,100,1945,290811.0
F,Construção,250 a 499,593,203037,202068,181377,20691,15530,186538,199247.93,179635.54,19612.39,14814.2,184433.73,7110998.652,6261398.495,849600.157,1381577.619,5729421.033,2.495748,2.437491,3.02934,6.521703,2.172373,2745.3228563413,2681.24023830097,3332.27404874007,7173.87381441714,2389.61005042925,F,250,593,203037.0
F,Construção,500 ou mais,400,597295,596685,528401,68284,47297,549388,587800.19,524181.42,63618.77,44116.95,543683.24,23593038.653,21069321.351,2523717.302,4548255.324,19044783.329,2.806843,2.810819,2.774083,7.20947,2.449594,3087.52728908415,3091.90094337949,3051.49093819082,7930.41663473668,2694.55305078008,F,500,400,597295.0
G,Comércio; reparação de veículos automotores e motocicletas,0 a 4,1380933,2597655,945380,497759,447621,59898,885482,1007952.89,540385.12,467567.77,63251.3,944701.59,20148971.749,11120477.556,9028494.193,2150053.85,17998917.899,1.397902,1.439077,1.350314,2.37708,1.332342,1537.69180995079,1582.98465076451,1485.34522237855,2614.78827616678,1465.57617848079,G,0,1380933,2597655.0
G,Comércio; reparação de veículos automotores e motocicletas,5 a 9,315299,2035624,1531149,843570,687579,85585,1445564,1467431.56,819424.86,648006.7,83371.05,1384060.51,31701614.792,18276582.492,13425032.3,2892740.65,28808874.142,1.510732,1.559731,1.448771,2.426376,1.455577,1661.8054427225,1715.7045502904,1593.64832540727,2669.01414266057,1601.13465103654,G,5,315299,2035624.0
G,Comércio; reparação de veículos automotores e motocicletas,10 a 19,137264,1802893,1554940,894794,660146,85827,1469113,1510247.04,878787.33,631459.71,85055.53,1425191.51,36084161.566,21944219.035,14139942.531,3730959.798,32353201.768,1.670831,1.746225,1.565907,3.067482,1.587479,1837.91436919231,1920.84795856826,1722.4976823937,3374.22984182759,1746.22695325184,G,10,137264,1802893.0
G,Comércio; reparação de veículos automotores e motocicletas,20 a 29,27168,639397,600242,350865,249377,36890,563352,583705.15,344383.19,239321.96,36441.41,547263.74,15217104.168,9464750.652,5752353.516,1939440.298,13277663.87,1.823066,1.921902,1.680842,3.721733,1.696637,2005.37287440678,2114.09198707271,1848.92657573087,4093.90622456072,1866.3008063183,G,20,27168,639397.0
G,Comércio; reparação de veículos automotores e motocicletas,30 a 49,15608,581581,561089,335251,225838,42996,518093,545065.11,329065.43,215999.68,42626.6,502438.51,15772988.153,10112872.075,5660116.078,2777410.216,12995577.937,2.023623,2.149098,1.832467,4.556415,1.808742,2225.98504057616,2364.00777966395,2015.71384023133,5012.05678361182,1989.61628420499,G,30,15608,581581.0
G,Comércio; reparação de veículos automotores e motocicletas,50 a 99,8777,598958,587124,359725,227399,58336,528788,572174.06,353905.51,218268.55,57330.05,514844.01,19251413.286,12598877.458,6652535.828,4770084.484,14481328.802,2.352873,2.489479,2.131376,5.818455,1.966965,2588.15987756754,2738.4270446825,2344.51333108123,6400.30098861431,2163.66190097971,G,50,8777,598958.0
G,Comércio; reparação de veículos automotores e motocicletas,100 a 249,4243,637858,631622,383088,248534,74324,557298,616437.59,375574.16,240863.43,73115.58,543322.01,23160322.782,15132583.986,8027738.796,6732024.178,16428298.604,2.627359,2.817613,2.3307,6.438722,2.114459,2890.09515289792,3099.37436057901,2563.76972180076,7082.59462199859,2325.90481145936,G,100,4243,637858.0
G,Comércio; reparação de veículos automotores e motocicletas,250 a 499,1270,434101,432174,262504,169670,58618,373556,413126.73,253736.48,159390.25,55549.65,357577.08,17343218.345,11333595.037,6009623.308,6304963.967,11038254.378,2.935691,3.123552,2.636632,7.937162,2.158712,3229.26022929127,3435.90721699203,2900.29481728023,8730.87820050656,2374.5830986018,G,250,1270,434101.0
G,Comércio; reparação de veículos automotores e motocicletas,500 ou mais,1015,2305142,2303631,1174445,1129186,265176,2038455,2259094.42,1163152.11,1095942.31,263277.72,1995816.7,81145904.736,46441921.663,34703983.073,26346789.744,54799114.992,2.511864,2.792143,2.214398,6.998058,1.920069,2763.05081219226,3071.35711814894,2435.83730193019,7697.86419509348,2112.07599267315,G,500,1015,2305142.0
H,"Transporte, armazenagem e correio",0 a 4,177192,304223,92533,77057,15476,3548,88985,114160.34,96183.65,17976.69,4321.15,109839.19,2693416.057,2337961.359,355454.698,158615.481,2534800.576,1.649879,1.699809,1.382734,2.566907,1.613803,1814.8671468433,1869.78952723814,1521.00687484309,2823.59808063915,1775.18297150869,H,0,177192,304223.0
H,"Transporte, armazenagem e correio",5 a 9,27701,179102,132069,111735,20334,5601,126468,132793.66,112633.52,20160.14,5668.45,127125.21,3301584.952,2860277.633,441307.319,224427.762,3077157.19,1.738638,1.775843,1.530776,2.768702,1.692708,1912.50149465546,1953.42697613122,1683.85322949909,3045.57224638129,1861.97843237206,H,5,27701,179102.0
H,"Transporte, armazenagem e correio",10 a 19,15220,203717,174121,145856,28265,8273,165848,172636.59,144972.52,27664.07,8228.75,164407.84,4623888.632,3943274.949,680613.683,356014.743,4267873.889,1.873003,1.902109,1.720476,3.025506,1.815319,2060.30332806665,2092.31958050236,1892.5233594445,3328.05705137943,1996.85119311548,H,10,15220,203717.0
H,"Transporte, armazenagem e correio",20 a 29,4736,112873,106082,88845,17237,5555,100527,106961.83,89455.95,17505.88,5614.15,101347.68,3133922.591,2651273.965,482648.626,348408.192,2785514.399,2.048912,2.072571,1.928018,4.339786,1.92201,2253.80370304492,2279.82768227095,2120.81982651631,4773.76453316106,2114.2105905593,H,20,4736,112873.0
H,"Transporte, armazenagem e correio",30 a 49,4062,153983,148490,125161,23329,8676,139814,144654.47,122508.86,22145.61,8424.47,136230,4559628.124,3872121.219,687506.905,545706.627,4013921.497,2.204253,2.21027,2.170968,4.529816,2.060441,2424.67878747941,2431.29744562651,2388.06456622606,4982.7980687395,2266.48456343627,H,30,4062,153983.0
H,"Transporte, armazenagem e correio",50 a 99,3187,220597,216108,181643,34465,13733,202375,209228.05,176802.98,32425.07,13324.86,195903.19,6795649.99,5804286.431,991363.559,945358.536,5850291.454,2.271303,2.295743,2.138041,4.961327,2.088334,2498.43320206386,2525.31700322803,2351.84489371009,5457.45976952969,2297.16738935421,H,50,3187,220597.0
H,"Transporte, armazenagem e correio",100 a 249,1808,275525,272731,227656,45075,22244,250487,263158.65,221845.97,41312.68,21351.52,241807.13,9674349.205,8223358.357,1450990.848,1869289.226,7805059.979,2.570799,2.592159,2.456096,6.122259,2.257206,2827.8785746808,2851.37488619486,2701.70515723949,6734.4844265456,2482.92607895328,H,100,1808,275525.0
H,"Transporte, armazenagem e correio",250 a 499,692,244030,242919,199864,43055,23187,219732,239587.62,199256.54,40331.08,22674.31,216913.31,9444217.775,7913546.963,1530670.812,2261620.023,7182597.752,2.756548,2.777299,2.654031,6.975085,2.315577,3032.20295933745,3055.02836579031,2919.43356377723,7672.59382975711,2547.13516374175,H,250,692,244030.0
H,"Transporte, armazenagem e correio",500 ou mais,618,959289,958399,763475,194924,135278,823121,957545.82,770125.9,187419.92,139146.08,818399.74,45838574.496,37429081.163,8409493.333,14945720.207,30892854.289,3.347615,3.398689,3.137748,7.511209,2.639712,3682.37646528497,3738.55766889743,3451.52266919366,8262.32966932195,2903.68299340632,H,500,618,959289.0
I,Alojamento e alimentação,0 a 4,177853,351321,142678,52230,90448,3468,139210,163457.86,62686.32,100771.54,4095.51,159362.35,2780458.025,1117101.473,1663356.552,96099.873,2684358.152,1.189528,1.246189,1.154281,1.640887,1.177928,1308.4802807186,1370.80757872629,1269.70872927019,1804.97616245032,1295.72065557131,I,0,177853,351321.0
I,Alojamento e alimentação,5 a 9,61727,405263,311457,120366,191091,7147,304310,287623.3,113183.43,174439.87,6802.04,280821.26,5105305.066,2091793.84,3013511.226,159922.69,4945382.376,1.241257,1.292409,1.208067,1.644125,1.231498,1365.38233970507,1421.64995760898,1328.87370213102,1808.53764232721,1354.64825178506,I,5,61727,405263.0
I,Alojamento e alimentação,10 a 19,33270,441687,385557,170474,215083,10478,375079,354330.52,157854.95,196475.57,9945.23,344385.29,6779755.746,3154605.058,3625150.688,283677.592,6496078.154,1.338041,1.397497,1.290273,1.994684,1.319078,1471.84519349118,1537.24623484067,1419.29984084418,2194.15269740059,1450.98624723042,I,10,33270,441687.0
I,Alojamento e alimentação,20 a 29,8100,191796,179997,89434,90563,5841,174156,164056.11,81977.66,82078.45,5540.74,158515.37,3398170.142,1779733.673,1618436.469,183728.237,3214441.905,1.448494,1.518181,1.378893,2.318847,1.418072,1593.34329718515,1669.99875613392,1516.78196895775,2550.73172675352,1559.87877972386,I,20,8100,191796.0
I,Alojamento e alimentação,30 a 49,4495,166037,159980,82599,77381,6286,153694,143464.02,74187.69,69276.33,5961,137503.02,3125046.194,1700720.18,1424326.014,218543.989,2906502.205,1.523272,1.603116,1.437767,2.563797,1.478163,1675.59900223924,1763.42772272286,1581.54364612648,2820.17716438904,1625.97950715779,I,30,4495,166037.0
I,Alojamento e alimentação,50 a 99,1635,107265,105116,54318,50798,5264,99852,91989.86,47940.9,44048.96,4974.65,87015.21,2169062.868,1204484.928,964577.94,207474.636,1961588.232,1.648907,1.756949,1.531319,2.91653,1.576437,1813.79762776195,1932.64387546397,1684.45073565694,3208.18296455336,1734.08077118401,I,50,1635,107265.0
I,Alojamento e alimentação,100 a 249,588,86374,85504,42413,43091,5946,79558,73998.27,36704.58,37293.69,5604.73,68393.54,1810957.858,961499.92,849457.938,272171.548,1538786.31,1.711397,1.831863,1.592834,3.395877,1.573357,1882.53658653621,2015.0491384915,1752.1172699106,3735.46503097864,1730.69236790942,I,100,588,86374.0
I,Alojamento e alimentação,250 a 499,155,53307,53114,21998,31116,4063,49051,47060.41,19752.44,27307.97,3839.93,43220.48,1191538.434,554688.47,636849.964,233891.034,957647.4,1.770583,1.963778,1.630841,4.259457,1.549459,1947.64139571637,2160.15559830349,1793.92531811155,4685.40259848487,1704.40459280842,I,250,155,53307.0
I,Alojamento e alimentação,500 ou mais,105,244002,243859,89773,154086,19844,224015,226720.57,84574.83,142145.74,19243.89,207476.68,5927062.504,2534524.88,3392537.624,1360920.166,4566142.338,1.828153,2.095653,1.668994,4.945426,1.539019,2010.96832511967,2305.21837652754,1835.893447214,5439.9690818948,1692.92143246023,I,500,105,244002.0
J,Informação e comunicação,0 a 4,163063,238802,29253,17712,11541,6751,22502,38605.44,23823.62,14781.82,10016.21,28589.23,1449213.697,987656.922,461556.775,756109.731,693103.966,2.625112,2.899094,2.18354,5.278924,1.695352,2887.62352384295,3189.00357647643,2401.89417187412,5806.81585150471,1864.88722124757,J,0,163063,238802.0
J,Informação e comunicação,5 a 9,13628,88921,59625,38243,21382,13523,46102,58608.02,37680.35,20927.67,13633.43,44974.59,1802147.412,1228176.598,573970.814,716604.455,1085542.957,2.150291,2.279344,1.917931,3.675685,1.687889,2365.32003640457,2507.27827430151,2109.72368528953,4043.25394382665,1856.67739015776,J,5,13628,88921.0
J,Informação e comunicação,10 a 19,8109,108772,91723,59657,32066,23163,68560,88434.98,57981.54,30453.44,22596.56,65838.42,3157772.571,2212681.08,945091.491,1387809.216,1769963.355,2.497013,2.668659,2.170208,4.294884,1.879961,2746.71382731828,2935.52459839937,2387.22933965879,4724.3719874584,2067.9570880907,J,10,8109,108772.0
J,Informação e comunicação,20 a 29,2485,59385,54958,35182,19776,15633,39325,52322.03,33692.53,18629.5,15108.97,37213.06,2353130.701,1620591.292,732539.409,1234586.15,1118544.551,3.145035,3.363596,2.749753,5.714135,2.101948,3459.53805544389,3699.95570577171,3024.72880687578,6285.548610171,2312.14225700497,J,20,2485,59385.0
J,Informação e comunicação,30 a 49,2103,79582,76105,49088,27017,24734,51371,70643.38,46004.84,24638.54,23054.65,47588.73,3489292.314,2444598.69,1044693.624,2002872.112,1486420.202,3.45406,3.715934,2.96509,6.075173,2.184245,3799.46572597352,4087.52759659469,3261.59942918696,6682.69028323837,2402.67003423839,J,30,2103,79582.0
J,Informação e comunicação,50 a 99,1543,104726,102177,64296,37881,40398,61779,92629.44,58808.44,33821,36268.95,56360.49,5369083.873,3743758.617,1625325.256,3432997.075,1936086.798,4.053359,4.451764,3.360608,6.619153,2.402227,4458.69533238278,4896.94050848693,3696.66833305661,7281.06818854483,2642.44958999306,J,50,1543,104726.0
J,Informação e comunicação,100 a 249,856,130008,128509,81287,47222,62965,65544,117024.4,74692.89,42331.51,57742.54,59281.86,8804669.031,6153052.065,2651616.966,6489506.784,2315162.247,5.261391,5.7607,4.380372,7.859226,2.731012,5787.53006342136,6336.77043836023,4818.40916721737,8645.14843888858,3004.11295488004,J,100,856,130008.0
J,Informação e comunicação,250 a 499,281,97867,97440,61766,35674,52849,44591,88351.46,56158.45,32193.01,48441.06,39910.4,7574805.945,5329500.271,2245305.674,5829487.937,1745318.008,5.995449,6.636443,4.877282,8.415516,3.058105,6594.99435985116,7300.08679562367,5365.01001543264,9257.06722767834,3363.91595635763,J,250,281,97867.0
J,Informação e comunicação,500 ou mais,238,440404,440034,275612,164422,247806,192228,420432.36,266449.49,153982.87,239185.99,181246.37,40929549.773,28507852.461,12421697.312,32201129.285,8728420.488,6.807769,7.481929,5.641213,9.414545,3.367676,7488.54561436561,8230.12169311801,6205.3342546879,10355.999299959,3704.44362894211,J,500,238,440404.0
K,"Atividades financeiras, de seguros e serviços relacionados",0 a 4,140187,223749,21838,7342,14496,4604,17234,24130.57,8422.53,15708.04,5277.76,18852.81,863455.854,414736.632,448719.222,428995.48,434460.374,2.502284,3.44345,1.997637,5.68417,1.611529,2752.51189992292,3787.79509792828,2197.40102716629,6252.58676174974,1772.68156679194,K,0,140187,223749.0
K,"Atividades financeiras, de seguros e serviços relacionados",5 a 9,11920,72966,28320,10131,18189,6817,21503,27614.22,9824.86,17789.36,6872.68,20741.54,1121807.075,525699.642,596107.433,575284.156,546522.919,2.840857,3.741754,2.343302,5.853562,1.842601,3124.94258114395,4115.92979441946,2577.63168113282,6438.91864376275,2026.86129084251,K,5,11920,72966.0
K,"Atividades financeiras, de seguros e serviços relacionados",10 a 19,3672,45898,28701,10965,17736,8898,19803,28202.3,10764.8,17437.5,8864.03,19338.27,1534740.841,786285.493,748455.348,933278.764,601462.077,3.805524,5.107851,3.00155,7.362819,2.174977,4186.076588407,5618.63661763697,3301.70542266336,8099.10099061557,2392.47428106985,K,10,3672,45898.0
K,"Atividades financeiras, de seguros e serviços relacionados",20 a 29,782,18515,16314,6345,9969,6345,9969,15475.1,6010.13,9464.97,6113.48,9361.62,1111629.421,635462.489,476166.932,787381.69,324247.731,5.023316,7.393839,3.518066,9.006598,2.422088,5525.64800625123,8133.22339501424,3869.8723332944,9907.25778242381,2664.29668730905,K,20,782,18515.0
K,"Atividades financeiras, de seguros e serviços relacionados",30 a 49,745,28509,25990,10535,15455,11947,14043,26652.29,10544.65,16107.64,12303.78,14348.51,2282266.705,1337874.275,944392.43,1739622.361,542644.344,5.988194,8.872522,4.100006,9.887361,2.644676,6587.01287235327,9759.77446090964,4510.00714806524,10876.0969955825,2909.14336160233,K,30,745,28509.0
K,"Atividades financeiras, de seguros e serviços relacionados",50 a 99,716,50630,47735,19610,28125,25788,21947,45439.89,18724.77,26715.12,24833.41,20606.48,4586238.665,2827315.751,1758922.914,3751603.281,834635.384,7.058027,10.558976,4.604194,10.564392,2.832415,7763.83018566692,11614.873079883,5064.61369499312,11620.8312821006,3115.65691210502,K,50,716,50630.0
K,"Atividades financeiras, de seguros e serviços relacionados",100 a 249,602,93891,90891,37428,53463,52518,38373,85965.34,35206.59,50758.75,49649.12,36316.22,7340189.8,4178743.949,3161445.851,5890526.919,1449662.881,5.971011,8.300147,4.355508,8.296722,2.791453,6568.11203928682,9130.16120648916,4791.0585344323,9126.3944921419,3070.59846282714,K,100,602,93891.0
K,"Atividades financeiras, de seguros e serviços relacionados",250 a 499,234,79329,77974,30681,47293,45838,32136,74786.77,29559.05,45227.72,44431.48,30355.29,6592784.264,3612292.219,2980492.045,5358127.203,1234657.061,6.164645,8.545872,4.608369,8.43308,2.844303,6781.10915977416,9400.45881822214,5069.2057624429,9276.38761976869,3128.7337421887,K,250,234,79329.0
K,"Atividades financeiras, de seguros e serviços relacionados",500 ou mais,267,792810,791455,355752,435703,524461,266994,772252.21,346792.27,425459.94,517303.22,254948.99,78660217.707,43949950.442,34710267.265,66482887.734,12177329.973,7.122951,8.862433,5.7051,8.987288,3.340125,7835.24591980324,9748.67582433537,6275.60977620162,9886.01672966731,3674.13767840684,K,500,267,792810.0
L,Atividades imobiliárias,0 a 4,145070,247456,27276,10234,17042,4303,22973,29011.34,11670.31,17341.03,4632.65,24378.69,682512.383,290411.901,392100.482,178041.295,504471.088,1.645155,1.740187,1.581199,2.687542,1.447071,1809.67003035577,1914.20596368048,1739.31857210682,2956.29590639682,1591.77824188635,L,0,145070,247456.0
L,Atividades imobiliárias,5 a 9,14000,85911,36045,15996,20049,5567,30478,34822.02,15573.51,19248.51,5390.21,29431.81,886387.4,409534.626,476852.774,221312.337,665075.063,1.780056,1.838942,1.732412,2.871203,1.58022,1958.06119673259,2022.83644075494,1905.65309290873,3158.32331636002,1738.24240611669,L,5,14000,85911.0
L,Atividades imobiliárias,10 a 19,3765,47515,33381,16416,16965,5337,28044,32433.47,15894.69,16538.78,5339.59,27093.88,923469.275,456665.198,466804.077,259040.723,664428.552,1.9911,2.009138,1.973764,3.392533,1.714909,2190.20962224896,2210.05204592516,2171.1399464215,3731.78642209205,1886.3997557893,L,10,3765,47515.0
L,Atividades imobiliárias,20 a 29,694,16295,14994,7891,7103,2575,12419,14513.42,7544.21,6969.21,2595.29,11918.13,469481.799,250413.31,219068.489,157629.821,311851.978,2.262106,2.321173,2.198165,4.247334,1.829803,2488.31664338671,2553.29084260543,2417.98169817945,4672.06780211608,2012.78335546832,L,20,694,16295.0
L,Atividades imobiliárias,30 a 49,488,18457,17701,9926,7775,3305,14396,17001.12,9513.24,7487.88,3241.27,13759.85,662654.33,371886.828,290767.502,277058.157,385596.173,2.725671,2.733671,2.715507,5.977502,1.95967,2998.23835135568,3007.03851442023,2987.05787527003,6575.25165230818,2155.63716733272,L,30,488,18457.0
L,Atividades imobiliárias,50 a 99,292,19969,19443,11391,8052,3815,15628,18208.66,10703.77,7504.89,3553.37,14655.29,678304.302,391079.771,287224.531,292607.814,385696.488,2.605017,2.55501,2.676339,5.758501,1.840413,2865.51860488361,2810.51062454559,2943.97315514387,6334.35116090229,2024.45401048936,L,50,292,19969.0
L,Atividades imobiliárias,100 a 249,96,13011,12871,7579,5292,2461,10410,11717.11,6927.23,4789.88,2189.84,9527.27,408756.344,234933.214,173823.13,157910.4,250845.944,2.43954,2.37164,2.537739,5.04269,1.841207,2683.49411179956,2608.80405188043,2791.51252223438,5546.95952496705,2025.32749110226,L,100,96,13011.0
L,Atividades imobiliárias,250 a 499,28,9341,9316,4976,4340,3445,5871,8734.24,4675.07,4059.17,3211.52,5522.72,669566.71,387558.942,282007.768,478006.258,191560.452,5.360838,5.797138,4.858339,10.40847,2.425587,5896.92194609509,6376.85132151867,5344.17263400381,11449.3175050587,2668.14529518342,L,250,28,9341.0
L,Atividades imobiliárias,500 ou mais,13,11696,11675,5670,6005,4370,7305,10227.58,4994.44,5233.14,3709.65,6517.93,671089.132,382832.295,288256.837,448159.435,222929.697,4.588506,5.360258,3.851955,8.448188,2.391785,5047.35635634988,5896.28428350788,4237.15070610644,9293.00680449845,2630.96385367275,L,500,13,11696.0
M,"Atividades profissionais, científicas e técnicas",0 a 4,407408,628490,107367,39851,67516,28783,78584,119050.35,47152.9,71897.45,31353,87697.35,2928400.099,1263129.17,1665270.929,1111786.85,1816613.249,1.72014,1.873283,1.619703,2.479741,1.448572,1892.153581043,2060.61095516272,1781.67325502129,2727.71554188165,1593.42877170528,M,0,407408,628490.0
M,"Atividades profissionais, científicas e técnicas",5 a 9,38861,248838,164992,68080,96912,48376,116616,159850.24,65711.21,94139.03,47406.79,112443.45,4420604.419,1918120.142,2502484.277,1837554.522,2583049.897,1.933892,2.041269,1.858941,2.710589,1.606433,2127.28172174925,2245.39623042658,2044.83507572217,2981.64773118268,1767.07621407096,M,5,38861,248838.0
M,"Atividades profissionais, científicas e técnicas",10 a 19,16502,216825,174590,77609,96981,53160,121430,167109.06,73586.86,93522.2,51946.76,115162.3,5415770.335,2509490.709,2906279.626,2466323.693,2949446.642,2.266336,2.384785,2.173135,3.320134,1.790994,2492.96907107803,2623.26381158476,2390.44816343894,3652.14706660908,1970.09360635448,M,10,16502,216825.0
M,"Atividades profissionais, científicas e técnicas",20 a 29,4029,95731,87288,41460,45828,27439,59849,82605.53,39046.8,43558.73,26285.41,56320.12,3341080.46,1724349.125,1616731.335,1773242.12,1567838.34,2.828406,3.088188,2.595533,4.717558,1.946712,3111.24678009776,3397.00667877048,2855.08665762647,5189.31376759959,2141.38303026999,M,20,4029,95731.0
M,"Atividades profissionais, científicas e técnicas",30 a 49,2816,105227,98926,48949,49977,32468,66458,91799.88,45833.07,45966.81,30083.86,61716.02,3911596.879,1992715.196,1918881.683,2040455.496,1871141.383,2.979723,3.040397,2.919227,4.743048,2.12018,3277.69565292879,3344.43632747473,3211.14915974574,5217.35292867747,2332.19758076528,M,30,2816,105227.0
M,"Atividades profissionais, científicas e técnicas",50 a 99,1631,111129,107691,60351,47340,34119,73572,96832.41,54688.56,42143.85,30604.69,66227.72,4599424.59,2701052.173,1898372.417,2602666.162,1996758.428,3.321595,3.453826,3.150004,5.946952,2.108384,3653.75488990165,3799.20853789025,3465.00491676813,6541.64735485363,2319.22225548224,M,50,1631,111129.0
M,"Atividades profissionais, científicas e técnicas",100 a 249,752,111517,109906,64700,45206,39790,70116,97739.21,57826.87,39912.34,36127.25,61611.96,6316319.147,3820862.932,2495456.215,4265764.787,2050554.36,4.519175,4.620572,4.372268,8.25707,2.327396,4971.09300981034,5082.62911741149,4809.49426629998,9082.77693005014,2560.13525246122,M,100,752,111517.0
M,"Atividades profissionais, científicas e técnicas",250 a 499,233,80655,80154,46070,34084,33479,46675,73731.54,43550.69,30180.85,30572.87,43158.67,5079699.909,3086708.673,1992991.236,3529502.953,1550196.956,4.817799,4.95638,4.617829,8.073118,2.511787,5299.5793502503,5452.01760735152,5079.61234205949,8880.42984364393,2762.9655800864,M,250,233,80655.0
M,"Atividades profissionais, científicas e técnicas",500 ou mais,181,229225,228825,132304,96521,95941,132884,215754.3,124902.43,90851.87,88906.76,126847.54,16284151.096,10109084.041,6175067.055,11543076.687,4741074.409,5.278003,5.659849,4.753043,9.079266,2.613718,5805.80320941282,6225.83443178561,5228.34761768715,9987.19305397112,2875.08950872471,M,500,181,229225.0
N,Atividades administrativas e serviços complementares,0 a 4,428788,612505,230304,146349,83955,14062,216242,270635.17,171980.74,98654.43,16954.87,253680.3,6627569.02,4645238.381,1982330.639,595265.015,6032304.005,1.712513,1.888827,1.405153,2.45516,1.662878,1883.76478023334,2077.70956973259,1545.66776404029,2700.67635661385,1829.16602116916,N,0,428788,612505.0
N,Atividades administrativas e serviços complementares,5 a 9,75234,479980,384875,265576,119299,20962,363913,384713.99,266179.18,118534.81,21400.02,363313.97,10252319.601,7656060.261,2596259.34,908476.765,9343842.836,1.86358,2.011385,1.531673,2.968682,1.798487,2049.93836930051,2212.52358048671,1684.84057065664,3265.54966195934,1978.33609654693,N,5,75234,479980.0
N,Atividades administrativas e serviços complementares,10 a 19,32479,420503,315312,204132,111180,24768,290544,311849.02,202464.47,109384.55,24552.54,287296.48,7838424.762,5335624.216,2502800.546,1047321.952,6791102.81,1.757715,1.842894,1.600052,2.982962,1.653004,1933.48611749069,2027.18349545478,1760.05769483055,3281.25835766577,1818.30464419945,N,10,32479,420503.0
N,Atividades administrativas e serviços complementares,20 a 29,8195,196089,185885,115665,70220,16231,169654,179951.51,112799.22,67152.29,15668.37,164283.14,4723935.415,3083550.445,1640384.97,862410.336,3861525.079,1.835745,1.911652,1.70824,3.849055,1.643728,2019.31980069349,2102.81762654851,1879.06412768305,4233.96030444677,1808.10027548967,N,20,8195,196089.0
N,Atividades administrativas e serviços complementares,30 a 49,7241,275745,267719,163622,104097,22089,245630,254260.22,157627.93,96632.29,21250.25,233009.97,6608277.492,4325072.199,2283205.293,1109241.822,5499035.67,1.817497,1.918775,1.652291,3.65028,1.65035,1999.24721942801,2110.65298809379,1817.52058638593,4015.30777284973,1815.38474017294,N,30,7241,275745.0
N,Atividades administrativas e serviços complementares,50 a 99,5737,393624,387490,238621,148869,28907,358583,368425.71,227908.7,140517.01,27935.15,340490.56,9312627.27,6080629.153,3231998.117,1611404.071,7701223.199,1.767609,1.865742,1.608445,4.033828,1.58168,1944.37012510922,2052.3161427226,1769.28928226718,4437.21115897686,1739.84789633657,N,50,5737,393624.0
N,Atividades administrativas e serviços complementares,100 a 249,2857,428532,425474,260076,165398,32252,393222,410247.78,251188.85,159058.93,31321.88,378925.9,10571386.816,6940093.923,3631292.893,2193953.266,8377433.55,1.801979,1.932097,1.596494,4.898279,1.54604,1982.17672556514,2125.30683066668,1756.14297504995,5388.10683924955,1700.64375484657,N,100,2857,428532.0
N,Atividades administrativas e serviços complementares,250 a 499,922,316440,315370,186043,129327,24438,290932,305866.68,181302.91,124563.77,23979.56,281887.12,7911794.005,5156758.995,2755035.01,1635435.735,6276358.27,1.808868,1.989006,1.546676,4.769318,1.557028,1989.75429048419,2187.90624400984,1701.3435768683,5246.24925754075,1712.73093286419,N,250,922,316440.0
N,Atividades administrativas e serviços complementares,500 ou mais,1121,2259492,2258289,1138189,1120100,181937,2076352,2180986.89,1112409.08,1068577.81,173474.01,2007512.88,54866685.664,32117755.421,22748930.243,9977165.898,44889519.766,1.759218,2.019039,1.48874,4.021951,1.56369,1935.13968433169,2220.94247095336,1637.61374663021,4424.14572561131,1720.05869372056,N,500,1121,2259492.0
O,"Administração pública, defesa e seguridade social",0 a 4,5721,,,,,,,,,,,,,,,,,2.80058,3.255278,2.457463,3.621916,2.098644,,,,,,O,0,5721,0.0
O,"Administração pública, defesa e seguridade social",5 a 9,2433,15886,15847,7250,8597,6771,9076,16271.73,7471.8,8799.93,6824.1,9447.63,664874.123,341557.289,323316.834,390080.088,274794.035,2.857391,3.196703,2.56929,3.997352,2.033988,3143.13003643081,3516.37324545419,2826.21858268278,4397.08688550646,2237.38680413053,O,5,2433,15886.0
O,"Administração pública, defesa e seguridade social",10 a 19,1427,19330,19298,9207,10091,7520,11778,19916.73,9531.09,10385.64,7563.91,12352.82,813906.736,422506.938,391399.798,450599.92,363306.816,2.857726,3.099954,2.635429,4.165899,2.056702,3143.49847899422,3409.94930194843,2898.9717310855,4582.4887270859,2262.37232905896,O,10,1427,19330.0
O,"Administração pública, defesa e seguridade social",20 a 29,646,,,,,,,,,,,,,,,,,2.884705,3.097916,2.679769,4.236923,2.060643,,,,,,O,20,646,0.0
O,"Administração pública, defesa e seguridade social",30 a 49,709,27073,27065,12628,14437,10863,16202,26864.07,12565.55,14298.52,10762.5,16101.57,1169143.139,602869.847,566273.292,668258.485,500884.654,3.043406,3.355104,2.769485,4.342055,2.175372,3347.74617604051,3690.61470571401,3046.43305740734,4776.26005539176,2392.90881381323,O,30,709,27073.0
O,"Administração pública, defesa e seguridade social",50 a 99,929,66453,66450,32304,34146,26162,40288,66135.22,32087.6,34047.62,26079.3,40055.92,3019810.015,1581259.124,1438550.891,1756086.35,1263723.665,3.193087,3.446115,2.954625,4.70884,2.206223,3512.39593785162,3790.72654953219,3250.08798988457,5179.72358861685,2426.84508787484,O,50,929,66453.0
O,"Administração pública, defesa e seguridade social",100 a 249,1949,342488,342475,150416,192059,133660,208815,345487.16,150428.09,195059.07,136224.95,209262.21,14644744.634,6884396.401,7760348.233,8319120.403,6325624.231,2.964243,3.200375,2.78214,4.270559,2.113862,3260.66768443725,3520.41266975521,3060.3543022989,4697.61478122993,2325.24773253466,O,100,1949,342488.0
O,"Administração pública, defesa e seguridade social",250 a 499,2066,733467,733462,293734,439728,279078,454384,738317.32,292950.8,445366.52,284484.34,453832.98,30360922.093,13280981.497,17079940.596,18064633.257,12296288.836,2.875649,3.170293,2.681839,4.440529,1.894707,3163.21381383195,3487.32265386438,2950.02323997702,4884.58230641231,2084.1772495247,O,250,2066,733467.0
O,"Administração pública, defesa e seguridade social",500 ou mais,3025,6555717,6555716,2842839,3712877,3111634,3444082,6496429.99,2813583.52,3682846.47,3111889.76,3384540.23,423446135.166,212508517.263,210937617.903,280975089.272,142471045.894,4.558137,5.281782,4.005294,6.314044,2.943682,5013.95068957771,5809.96046644131,4405.82325114494,6945.44796649174,3238.05021594185,O,500,3025,6555717.0
P,Educação,0 a 4,152403,166165,35355,10430,24925,9054,26301,45080.56,13063.59,32016.97,13050.74,32029.82,853706.676,261870.476,591836.2,294403.157,559303.519,1.324291,1.401806,1.292663,1.577507,1.221116,1456.7197991261,1541.98675626155,1421.92910629774,1735.2576706231,1343.22789248846,P,0,152403,166165.0
P,Educação,5 a 9,19946,133750,97023,31400,65623,26959,70064,96996.96,31061.4,65935.56,28139.96,68857,1784054.574,617657.655,1166396.919,573466.43,1210588.144,1.286216,1.390563,1.23706,1.42511,1.229454,1414.8378179148,1529.61963426286,1360.76557055217,1567.62135794409,1352.39939182766,P,5,19946,133750.0
P,Educação,10 a 19,15555,210480,180276,50914,129362,65786,114490,178597.42,49873.28,128724.14,66972.94,111624.48,3538314.399,1041735.31,2496579.089,1487842.542,2050471.857,1.385432,1.460674,1.35628,1.553537,1.284572,1523.97515424527,1606.7418341969,1491.90777508937,1708.89058039997,1413.02879426283,P,10,15555,210480.0
P,Educação,20 a 29,6106,146012,135767,34127,101640,66664,69103,135453.28,33843.29,101609.99,67854.48,67598.8,2918400.748,728981.959,2189418.789,1641147.341,1277253.407,1.506674,1.506289,1.506803,1.691348,1.321302,1657.34166962047,1656.91737734991,1657.48298885845,1860.48295048236,1453.4320443103,P,20,6106,146012.0
P,Educação,30 a 49,5397,203927,194437,53555,140882,109796,84641,194663.76,53367.77,141295.99,111888.36,82775.4,4723626.087,1255578.75,3468047.337,3049892.269,1673733.818,1.696893,1.645238,1.716403,1.906178,1.413999,1866.58190947382,1809.76234849668,1888.04276807093,2096.79628529174,1555.39876860479,P,30,5397,203927.0
P,Educação,50 a 99,3254,216317,210320,62743,147577,124988,85332,210391.15,62888.66,147502.49,126891.69,83499.46,6011309.398,1771967.216,4239342.182,4212586.183,1798723.215,1.998046,1.970368,2.009847,2.321558,1.506415,2197.85107515582,2167.4045918857,2210.83213421842,2553.71404541936,1657.05651546452,P,50,3254,216317.0
P,Educação,100 a 249,1275,195253,192980,66013,126967,118815,74165,193117.67,66249.68,126867.99,120130.29,72987.38,7444451.244,2639132.199,4805319.045,5738212.811,1706238.433,2.695719,2.785745,2.648708,3.34032,1.634767,2965.29103573126,3064.31924129816,2913.5791190391,3674.35211770103,1798.24389135175,P,100,1275,195253.0
P,Educação,250 a 499,458,159043,158329,57157,101172,101362,56967,159017.19,57893.91,101123.28,102638.83,56378.36,7447727.541,2903415.203,4544312.338,6030706.351,1417021.19,3.275244,3.507036,3.142541,4.108852,1.757632,3602.76847137383,3857.73963099055,3456.79538419305,4519.73671697604,1933.39483447195,P,250,458,159043.0
P,Educação,500 ou mais,619,2002279,2001621,698397,1303224,1468532,533089,2024298.07,701788.81,1322509.26,1495687.15,528610.92,133554859.255,52981920.803,80572938.452,117663141.772,15891717.483,4.613698,5.279408,4.26044,5.501279,2.102319,5075.06817507516,5807.34875134521,4686.48389082851,6051.40647597224,2312.55117920117,P,500,619,2002279.0
Q,Saúde humana e serviços sociais,0 a 4,282255,491399,114163,12498,101665,15793,98370,115086.27,13266.96,101819.31,16628.93,98457.34,2255537.197,280534.688,1975002.509,439170.945,1816366.252,1.370536,1.478697,1.356443,1.846857,1.290088,1507.58957873682,1626.56640139228,1492.08701103039,2031.54264192677,1419.0966455429,Q,0,282255,491399.0
Q,Saúde humana e serviços sociais,5 a 9,40027,254962,144862,19705,125157,23549,121313,137766.65,18970.33,118796.32,22634.56,115132.09,2907713.506,433257.065,2474456.441,668117.189,2239596.317,1.475949,1.59711,1.456602,2.064166,1.360308,1623.54437516124,1756.82060029855,1602.26178011109,2270.58223897778,1496.33902910327,Q,5,40027,254962.0
Q,Saúde humana e serviços sociais,10 a 19,17819,227004,155270,26838,128432,31378,123892,150134.19,26054.53,124079.66,30940.21,119193.98,3582333.664,678716.458,2903617.206,1053027.681,2529305.983,1.668593,1.821667,1.63645,2.380019,1.483922,1835.45219113648,2003.83420110408,1800.09495264822,2618.02131619961,1632.31396998664,Q,10,17819,227004.0
Q,Saúde humana e serviços sociais,20 a 29,4454,105446,93606,18706,74900,21579,72027,91100.97,18266.17,72834.8,21157.48,69943.49,2350518.178,509519.742,1840998.436,770392.223,1580125.955,1.804283,1.950642,1.767577,2.546314,1.579823,1984.71092695703,2145.70576687353,1944.33518466025,2800.94511401023,1737.80505354559,Q,20,4454,105446.0
Q,Saúde humana e serviços sociais,30 a 49,3318,124855,116276,25322,90954,28978,87298,114841.85,25079.16,89762.69,28880.29,85961.56,3168961.643,748621.992,2420339.651,1153753.559,2015208.084,1.92966,2.087438,1.885578,2.793672,1.63938,2122.62585660862,2296.18165348931,2074.13540251352,3073.039563288,1803.31774413515,Q,30,3318,124855.0
Q,Saúde humana e serviços sociais,50 a 99,2354,161880,155869,38488,117381,40064,115805,155338.5,38543.34,116795.16,40316.29,115022.21,4545374.984,1206974.694,3338400.29,1768721.331,2776653.653,2.046231,2.189842,1.998838,3.067911,1.688123,2250.85364889233,2408.82620008461,2198.72143937893,3374.7025581967,1856.93478275597,Q,50,2354,161880.0
Q,Saúde humana e serviços sociais,100 a 249,1519,235943,232572,61927,170645,59256,173316,229940.45,61408.18,168532.27,58849.69,171090.76,6769702.886,1927294.701,4842408.185,2693899.592,4075803.294,2.058819,2.194754,2.009288,3.201114,1.665907,2264.70103823035,2414.22948112876,2210.21729136914,3521.22577941297,1832.49715126458,Q,100,1519,235943.0
Q,Saúde humana e serviços sociais,250 a 499,775,274457,272972,76059,196913,69398,203574,269691.61,75219.68,194471.93,69071.03,200620.58,8474120.147,2563890.126,5910230.021,3516733.978,4957386.169,2.197309,2.383592,2.125257,3.560472,1.72799,2417.03995138402,2621.95102910057,2337.78251976242,3916.51895603254,1900.78902979637,Q,250,775,274457.0
Q,Saúde humana e serviços sociais,500 ou mais,850,1972505,1971519,549201,1422318,700617,1270902,1938013.08,537317.55,1400695.53,688093.29,1249919.79,96242982.049,31171494.701,65071487.348,57531855.58,38711126.469,3.472772,4.056865,3.24871,5.846891,2.165796,3820.04971373131,4462.55158554249,3573.5810670926,6431.58045082476,2382.37603962879,Q,500,850,1972505.0
R,"Artes, cultura, esporte e recreação",0 a 4,63318,93205,23942,11981,11961,6236,17706,25362.01,12926.88,12435.13,6590.9,18771.11,458489.817,238596.951,219892.866,138021.465,320468.352,1.264183,1.290729,1.236587,1.464421,1.193876,1390.6014334644,1419.80211894785,1360.24600033565,1610.86282134925,1313.26339743935,R,0,63318,93205.0
R,"Artes, cultura, esporte e recreação",5 a 9,7296,46945,33736,16503,17233,9570,24166,31708.93,15797.28,15911.65,9103.09,22605.84,564587.162,294663.43,269923.732,179939.872,384647.29,1.245126,1.304391,1.186287,1.382301,1.189888,1369.63882705306,1434.83040702625,1304.91583211043,1520.53078848881,1308.8765149591,R,5,7296,46945.0
R,"Artes, cultura, esporte e recreação",10 a 19,3840,50899,42995,22711,20284,13579,29416,40355.07,21615.02,18740.05,12794.65,27560.42,758025.825,423273.023,334752.802,257812.364,500213.461,1.31356,1.369396,1.249158,1.409092,1.26921,1444.91581469575,1506.3350997451,1374.0740039894,1550.00100101936,1396.13106543592,R,10,3840,50899.0
R,"Artes, cultura, esporte e recreação",20 a 29,989,23234,21931,12724,9207,6992,14939,20627.67,12029.27,8598.4,6703.68,13923.99,435931.482,264698.539,171232.943,148701.758,287229.724,1.477856,1.538779,1.392623,1.551196,1.442546,1625.6412344718,1692.65683428197,1531.88556547193,1706.31604868233,1586.80048993472,R,20,989,23234.0
R,"Artes, cultura, esporte e recreação",30 a 49,600,22619,21946,13136,8810,6629,15317,20190.83,12220.95,7969.88,6160.22,14030.61,497490.074,302975.748,194514.326,180652.615,316837.459,1.723035,1.733672,1.706726,2.050747,1.579152,1895.33898461674,1907.0388774384,1877.39846290515,2255.82122067069,1737.06718601467,R,30,600,22619.0
R,"Artes, cultura, esporte e recreação",50 a 99,353,24032,23715,14816,8899,7070,16645,22263.15,14094.47,8168.68,6620.22,15642.93,673365.52,440683.622,232681.898,255511.116,417854.404,2.115087,2.186463,1.991933,2.69899,1.867974,2326.59563863639,2405.10924879376,2191.12604955287,2968.88943732523,2054.77148216724,R,50,353,24032.0
R,"Artes, cultura, esporte e recreação",100 a 249,177,26491,26373,16385,9988,6927,19446,24397.33,15393.71,9003.62,6511.72,17885.61,1068554.643,762903.079,305651.564,382770.259,685784.384,3.062798,3.465693,2.37396,4.110611,2.681315,3369.0781327301,3812.26177645085,2611.35618442702,4521.67262672889,2949.44622649588,R,100,177,26491.0
R,"Artes, cultura, esporte e recreação",250 a 499,59,20559,20517,12614,7903,5946,14571,19524.21,12176.88,7347.33,5928.11,13596.1,1062114.949,785821.967,276292.982,416733.788,645381.161,3.804188,4.512862,2.629688,4.915938,3.319448,4184.60720936094,4964.14874872583,2892.65710233409,5407.53211913565,3651.39302390448,R,250,59,20559.0
R,"Artes, cultura, esporte e recreação",500 ou mais,27,28266,28251,17520,10731,11655,16596,26916.97,16851.87,10065.1,11078.9,15838.07,2399664.208,2012202.113,387462.095,720439.245,1679224.963,6.234308,8.350019,2.692,4.547416,7.414307,6857.73898256522,9185.02088629196,2961.20024028192,5002.15756632323,8155.73810445338,R,500,27,28266.0
S,Outras atividades de serviços,0 a 4,225782,255032,95203,36147,59056,12405,82798,100141.96,38922.98,61218.98,13471.92,86670.04,2314088.677,981088.301,1333000.376,563801.073,1750287.604,1.61595,1.76265,1.522678,2.92658,1.412227,1777.54481046399,1938.9145138978,1674.94607818586,3219.237740997,1553.44924266794,S,0,225782,255032.0
S,Outras atividades de serviços,5 a 9,20763,132873,98795,41156,57639,14549,84246,94882.4,40408.6,54473.8,13912.85,80969.55,2415737.237,1107471.125,1308266.112,638618.644,1777118.593,1.780443,1.916561,1.679471,3.209885,1.534824,1958.48694075711,2108.21672956899,1847.41756163937,3530.87333486116,1688.3066564007,S,5,20763,132873.0
S,Outras atividades de serviços,10 a 19,9559,121389,92921,41777,51144,16611,76310,90088.27,41261.79,48826.48,15975.28,74112.99,2627933.219,1286450.375,1341482.844,865207.385,1762725.834,2.039905,2.180263,1.921293,3.787352,1.663238,2243.89600503868,2398.28958350683,2113.42263460319,4166.08749460224,1829.56179372978,S,10,9559,121389.0
S,Outras atividades de serviços,20 a 29,1920,45648,43020,21452,21568,8292,34728,42415.31,21507.36,20907.95,8132.34,34282.97,1355109.772,721833.123,633276.649,479217.31,875892.462,2.234168,2.347003,2.118098,4.120794,1.786637,2457.58461345135,2581.70341902278,2329.90744595311,4532.87368703227,1965.30065017031,S,20,1920,45648.0
S,Outras atividades de serviços,30 a 49,1359,51104,49471,24944,24527,11211,38260,48111.45,24505.84,23605.61,10885.14,37226.31,1723951.907,921885.705,802066.202,732075.34,991876.567,2.505767,2.630701,2.376068,4.703116,1.863252,2756.34355551217,2893.77083176908,2613.6753150563,5173.42796622806,2049.57723345501,S,30,1359,51104.0
S,Outras atividades de serviços,50 a 99,920,62348,61067,30747,30320,15083,45984,60359.62,30658.84,29700.78,14762.3,45597.32,2189672.237,1155333.078,1034339.159,1045933.319,1143738.918,2.53686,2.635211,2.435337,4.954661,1.754089,2790.54649321975,2898.73247750956,2678.87074656988,5450.1269554098,1929.49753997013,S,50,920,62348.0
S,Outras atividades de serviços,100 a 249,498,75926,75204,37117,38087,17249,57955,72239.59,35905.86,36333.73,16517.28,55722.31,2614736.526,1375172.769,1239563.757,1294199.374,1320537.152,2.531143,2.678279,2.385739,5.479319,1.65724,2784.25692785738,2946.10742347649,2624.31240147294,6027.25133920355,1822.96428348137,S,100,498,75926.0
S,Outras atividades de serviços,250 a 499,177,59194,58963,28669,30294,11987,46976,57748.69,27661.13,30087.56,11739.23,46009.46,1984774.856,1005781.398,978993.458,963512.782,1021262.074,2.403439,2.542715,2.275395,5.739603,1.552223,2643.78272343627,2796.98623469662,2502.93440468164,6313.56297186049,1707.44497059785,S,250,177,59194.0
S,Outras atividades de serviços,500 ou mais,96,117933,117818,62023,55795,27309,90509,111227.74,59780.1,51447.64,25216.57,86011.17,3448529.999,1913816.898,1534713.101,1532552.285,1915977.714,2.168128,2.238761,2.086055,4.250042,1.557756,2384.94046884901,2462.6369721954,2294.66023947992,4675.04649949189,1713.53210375958,S,500,96,117933.0
U,Organismos internacionais e outras instituições etraterritoriais,0 a 4,96,,,,,,,,,,,,,,,,,5.375544,5.139091,5.556616,7.419924,3.531382,,,,,,U,0,96,0.0
U,Organismos internacionais e outras instituições etraterritoriais,5 a 9,81,540,510,247,263,219,291,511.4,247.03,264.37,216.99,294.41,36034.186,17351.582,18682.604,21878.462,14155.724,4.927402,4.911943,4.941846,7.050843,3.362354,5420.14169248819,5403.13758216847,5436.03050503228,7755.92707214441,3698.58987858376,U,5,81,540.0
U,Organismos internacionais e outras instituições etraterritoriais,10 a 19,50,698,682,340,342,316,366,693.78,353.2,340.58,322.2,371.58,58820.744,27400.819,31419.925,37707.47,21113.274,5.928881,5.425088,6.451341,8.184004,3.973445,6521.76859434492,5967.59713389668,7096.47456601183,9002.40414458292,4370.7896011626,U,10,50,698.0
U,Organismos internacionais e outras instituições etraterritoriais,20 a 29,18,,,,,,,,,,,,,,,,,5.726369,5.440652,6.060771,7.557491,4.570377,,,,,,U,20,18,0.0
U,Organismos internacionais e outras instituições etraterritoriais,30 a 49,8,310,309,161,148,135,174,309.03,160.22,148.81,133.47,175.56,26727.788,12999.993,13727.795,14614.238,12113.55,6.048203,5.674013,6.451083,7.656962,4.825139,6653.02298258322,6241.41468941744,7096.191322957,8422.65792946845,5307.65287344235,U,30,8,310.0
U,Organismos internacionais e outras instituições etraterritoriais,50 a 99,5,403,403,192,211,246,157,405.66,196.07,209.59,251.43,154.23,39917.02,16753.779,23163.241,31873.075,8043.945,6.881132,5.975381,7.728456,8.864839,3.647239,7569.24518069319,6572.91901244061,8501.30144200949,9751.32243566798,4011.96265318032,U,50,5,403.0
U,Organismos internacionais e outras instituições etraterritoriais,100 a 249,1,100,,,,,,,,,,,,,,,,,,,,,,,,,,U,100,1,100.0
U,Organismos internacionais e outras instituições etraterritoriais,250 a 499,1,,,,,,,,,,,,,,,,,,,,,,,,,,,U,250,1,0.0
U,Organismos internacionais e outras instituições etraterritoriais,500 ou mais,1,,,,,,,,,,,,,,,,,,,,,,,,,,,U,500,1,0.0
