periodo,simulacao,seed,ano,indice_populacao,pea,indice_precos,inflacao,indice_salarios,indice_cambio,taxa_juros_nominal,pib_real,pib_nominal,emprego,taxa_desemprego,consumo_real,consumo_nominal,poupanca_familias_nominal,fbcf_familias_nominal,fbcf_nf_real,fbcf_nf_nominal,fbcf_fixa_nominal,variacao_estoques_real,variacao_estoques_nominal,variacao_autonoma_estoques_real,variacao_ciclica_estoques_real,estoque_real,investimento_liquido_nf_real,investimento_reposicao_nf_real,ajuste_piso_investimento_nf_real,estoque_capital_nf_real,setores_no_piso_investimento_nf,residuo_consumo,iteracoes_consumo,deficit_governo,saldo_setor_externo,discrepancia_cei,producao_real,vendas_real,importacoes_nominais,exportacoes_nominais,governo_real,fbcf_fixa_real,exportacoes_real,renda_disponivel_real,consumo_intermediario_real,investimento_nf_real,demanda_esperada_total,vendas_real_total
0,1,42,2020,1.0,115144635.73085847,1.0,0.03,1.0,1.0,0.0918000000000001,7609597.0,7609597.0,99254676.0,0.138,4805004.0,0.6314400092409624,1867548.0,410010.0,640275.1974163632,640275.1974163632,153403.99999999985,-33878.0,-33878.0,-33878.0,0.0,942722.5833333333,0.0,640275.1974163634,0.0,12805503.948327264,0.0,0.0,0.0,0.12063832026847152,0.010583740505574736,0.0,,,,,,,,,,,,
1,1,42,2021,1.0,115144635.73085847,1.0299999999999998,0.029999999999999805,1.03,1.03,0.0918000000000001,7617815.706643501,7846350.177842805,98807085.17275971,0.14188720520412693,4808580.766486084,4952838.189480665,1925006.3173908368,422310.3,650556.4431237456,728449.9958017992,158006.11999999988,-36212.13813515729,-37298.50227921201,,,,,,,,,,,,,-45.5996182942763,13295572.904787209,13329481.749849629,1245690.9155421525,1289610.47,1532204.0000000002,153403.99999999988,1252049.0000000002,6677518.938710197,6200539.887500155,650556.4431237456,13317776.47198523,13329481.749849629
2,1,42,2022,1.0,115144635.73085847,1.060603711497513,0.029712341259721553,1.0597586897875282,1.0608999999999997,0.0918000000000001,7635957.234126718,8098724.583351081,99017775.81074469,0.14005741403194025,4815013.225089251,5106820.897439269,1984854.3629455697,435303.4007153871,648150.7065873856,746700.7050752013,162746.3035999998,-24335.620134840214,-25810.113737981374,,,,,,,,,,,,,-1156.556122533977,13318906.112173347,13312671.350973656,1279694.06131826,1328298.7840999996,1533334.8090801653,153438.62070965054,1252293.8108955289,6686451.483723162,6211416.210251813,648150.7065873856,13321776.635116301,13312671.350973656
3,1,42,2023,1.0,115144635.73085847,1.0920485430968276,0.029648049746041627,1.090925053618175,1.0924218228424383,0.09164752250267816,7662941.923234919,8368304.563104296,98784890.19450144,0.14207996258372513,4808941.3859007405,5251597.434310941,2041124.2707087295,448717.9311414271,647057.1167573199,765238.7062414461,167553.06034823222,8945.307375411665,9733.815056045503,,,,,,,,,,,,,-1267.3371037503239,13310522.911725486,13275772.170091687,1312694.099430223,1367612.9115949685,1531839.7910096245,153416.02952435098,1252175.2515056299,6678019.719104239,6211383.769709778,647057.1167573199,13318664.994167041,13275772.170091687
4,1,42,2024,1.0,115144635.73085847,1.1240072297481642,0.02926489564347401,1.122385080372136,1.1248099993897323,0.0915372238259648,7676770.444344256,8628745.480559971,97885576.90180852,0.14989025515171764,4807272.207494855,5403408.716591635,2100128.354076974,461424.25975949387,637464.4889436676,772234.2641786559,172513.65652663482,43808.27894880553,49228.094128760604,,,,,,,,,,,,,-1551.0424850557465,13250881.739414912,13159391.46726489,1358109.3223482955,1408081.9461234487,1532921.06210075,153458.83031840078,1252490.005878742,6675701.785610213,6188617.35165337,637464.4889436676,13304006.795067338,13159391.46726489
5,1,42,2025,1.0,115144635.73085847,1.156101969946776,0.028553855659631866,1.1523765404303288,1.157727446640609,0.09127899856554897,7667457.665718762,8864362.91182097,97687943.18290225,0.15160665051526911,4806600.879197404,5556920.745188024,2159793.4619480865,474577.5598729056,609552.5667757685,760336.8663229366,177508.1351131167,74401.8183778451,86082.88606011831,,,,,,,,,,,,,-2214.1724425912835,13208734.864203656,13088072.875385562,1408339.3091709253,1448873.8646918742,1534440.5737207572,153494.2095399848,1252712.1320287294,6674769.5339463595,6167215.116422026,609552.5667757685,13254585.934737107,13088072.875385562
6,1,42,2026,1.0,115144635.73085847,1.1881643083058138,0.027733140494963227,1.182653763458093,1.190785029045179,0.09077293596847606,7650714.36936056,9090305.746716639,96957596.62180704,0.1579495127464054,4793495.633254258,5695460.423452483,2213639.3066265574,487754.21399363683,594425.2883337375,759745.6562138182,182497.82186830294,84341.5690744892,100212.21607369007,,,,,,,,,,,,,-2255.6782907105517,13122995.033780182,12985966.26845109,1439566.68828847,1489794.3387077241,1533220.0790131986,153527.1830433092,1253067.5460603377,6656570.707258923,6124006.533415293,594425.2883337375,13197681.740870371,12985966.26845109
7,1,42,2027,1.0,115144635.73085847,1.2196654816667338,0.02651247234133569,1.2118314889383281,1.2238092375549878,0.09008495224298305,7619077.377461795,9292725.679438055,96334678.3906356,0.16335938900523056,4782725.762557769,5833325.520869918,2267222.9637789223,499535.36437091907,572896.3684273665,752154.8754824627,187436.95975392484,87865.28224469945,107202.2334649812,,,,,,,,,,,,,-3068.7375518465415,13026938.652844261,12898806.46636402,1478207.0799842987,1530191.1697774718,1534364.2178033716,153583.48953251273,1253510.7102426372,6641614.939843207,6074698.851380891,572896.3684273665,13125330.068670899,12898806.46636402
8,1,42,2028,1.0,115144635.73085847,1.2503952747781657,0.025195263433575255,1.240145459785333,1.2562554461167355,0.08909396290674391,7583011.505915303,9481761.755584957,95863584.86015046,0.16745070882655758,4770901.546581548,5965512.750277409,2318599.819220769,511007.36950968736,555543.7821331193,748231.1128116824,192214.32895245185,72027.25890808862,90136.56260267635,,,,,,,,,,,,,-2732.1704711720813,12944448.790837754,12836902.99243673,1500675.7325171256,1569295.856631198,1534190.1125627072,153600.02769161316,1253612.475757256,6625195.03759951,6028940.668996204,555543.7821331193,13047917.8642993,12836902.99243673
9,1,42,2029,1.0,115144635.73085847,1.280057418396058,0.023722213460183328,1.2679375455144986,1.2879071330215102,0.08790034785318465,7543149.310549857,9655664.233038455,95061470.04279663,0.17441685894082523,4755933.937414942,6087868.517989569,2366155.5068496065,521927.7264273257,550930.9048190481,758475.3008621609,196840.7180523627,42324.57044340972,54440.83792580614,,,,,,,,,,,,,-3638.6795958266594,12846459.54889792,12777892.788148375,1519659.6655915335,1607262.2838492217,1533973.4321187383,153627.90957304114,1253929.2773462676,6604410.007976256,5981387.349745011,550930.9048190481,12975805.615422282,12777892.788148375
10,1,42,2030,1.0,115144635.73085847,1.3084113808188438,0.022150539511199385,1.2943717903103713,1.3184591409479391,0.08652285980855516,7513863.005084518,9831223.869766261,94290828.42710698,0.18110967281615822,4750979.256371412,6216235.329070603,2416047.4905609125,531822.6629882078,551370.4243395225,775400.7230897979,201248.12246395723,8516.542021065814,11230.378916088455,,,,,,,,,,,,,-3545.3460984786507,12760748.60171095,12718259.90089521,1538918.2397206677,1643263.4667120334,1534560.0003953038,153637.5765014832,1253969.8223155153,6597529.604358202,5937820.53206314,551370.4243395225,12908170.860912537,12718259.90089521
11,1,42,2031,1.0,115144635.73085847,1.3352702763536541,0.02052786755645708,1.3195037773801992,1.3476637222434085,0.08500112669532742,7502218.950752809,10017489.971637323,94220429.12539373,0.18172107169953994,4746455.340123711,6337800.733707265,2463295.989895853,542199.152484626,552414.6183254565,790927.6231287395,205428.48479682935,10025.251448124396,13604.3749307895,,,,,,,,,,,,,-3963.928957262775,12726019.831832604,12673157.345341263,1579788.5355746597,1677443.3893158517,1534488.6331633537,153650.00706563052,1254072.4022208536,6591247.389732276,5917824.262020627,552414.6183254565,12843270.665526489,12673157.345341263
12,1,42,2032,1.0,115144635.73085847,1.3609010305323226,0.019195180655605437,1.3449553281235067,1.3753283846442632,0.08338026669866182,7465223.603503635,10159430.495162316,93813582.36070512,0.18525442574687553,4732234.040827124,6440102.182881771,2503057.219398046,551951.1932723148,554603.3663291862,812532.4868449658,209343.013247384,-16055.099695898687,-21511.317255679685,,,,,,,,,,,,,-3803.931271300651,12665094.120477138,12647259.909834515,1609590.0801891822,1709431.5900197763,1533131.437971242,153618.43123814664,1253811.6101871768,6571498.736231877,5886514.380354263,554603.3663291862,12785136.11806918,12647259.909834515
13,1,42,2033,1.0,115144635.73085847,1.385402373402891,0.018003765388424187,1.3699191734858678,1.4017280614482919,0.0818635642843436,7462700.252549783,10338842.641876824,93620421.0570066,0.186931979394707,4730407.633352206,6553517.962409299,2547138.225829065,560053.1974979738,560613.8496341417,834268.1051071471,213078.0206475962,-16295.939124398108,-22272.174530438984,,,,,,,,,,,,,-4220.363896702183,12630721.041004758,12624404.348120641,1644903.2423304964,1739941.9999752413,1533560.230173722,153591.18073557472,1253653.5247637106,6568962.463868818,5869039.844154086,560613.8496341417,12738018.285308495,12624404.348120641
14,1,42,2034,1.0,115144635.73085847,1.4092478042016052,0.017211917098238994,1.394881073698725,1.4269644446049776,0.08047375929270345,7464460.649746711,10519274.78020484,93524539.50285806,0.1877646847442871,4725518.480665741,6659426.5425923,2588301.4292527474,569256.5731349686,568819.5413308251,858644.9950676162,216653.77331416387,-19179.224374744244,-26768.22174221552,,,,,,,,,,,,,-3697.30798638775,12606799.963849245,12608532.308182342,1669189.8216040165,1768953.2938857407,1532945.0137792018,153532.59879841923,1253114.6478833794,6562173.057338381,5856371.341086723,568819.5413308251,12699191.844109962,12608532.308182342
15,1,42,2035,1.0,115144635.73085847,1.43273111191027,0.016663717792321675,1.4200645313929305,1.4515252383276531,0.07935916495925313,7438041.032278765,10656712.798610967,92877829.62262852,0.19338118503650362,4723097.646761064,6766928.94310476,2630084.0985433953,577967.5448421591,575407.9132576502,885922.5594887445,220188.9682304032,-47240.36473266033,-67382.07996643557,,,,,,,,,,,,,-4388.574389562244,12548633.969705816,12580045.388889065,1703282.7101661477,1797691.4782386704,1532662.927646627,153492.27360407187,1252788.792836914,6558811.324421548,5829089.032376567,575407.9132576502,12668209.842888052,12580045.388889065
0,2,43,2020,1.0,115144635.73085847,1.0,0.03,1.0,1.0,0.0918000000000001,7609597.0,7609597.0,99254676.0,0.138,4805004.0,0.6314400092409624,1867548.0,410010.0,640275.1974163632,640275.1974163632,153403.99999999985,-33878.0,-33878.0,-33878.0,0.0,942722.5833333333,0.0,640275.1974163634,0.0,12805503.948327264,0.0,0.0,0.0,0.12063832026847152,0.010583740505574736,0.0,,,,,,,,,,,,
1,2,43,2021,1.0,115144635.73085847,1.0299999999999998,0.029999999999999805,1.03,1.03,0.0918000000000001,7621678.319992126,7850328.669591888,98963328.77182677,0.140530271830068,4808684.110790998,4952944.634114726,1925047.6889408808,422310.3,650556.4431237456,728569.6613950005,158006.11999999988,-32085.743015770706,-33048.31530624382,,,,,,,,,,,,,-46.91713814600371,13305471.679709664,13316723.396910617,1246187.4034734487,1289610.47,1532204.0,153403.99999999988,1252049.0000000002,6677662.449568552,6204643.536950069,650556.4431237456,13317776.47198523,13316723.396910617
2,2,43,2022,1.0,115144635.73085847,1.0607061551668653,0.02981180113287918,1.0601527858365607,1.0608999999999997,0.0918000000000001,7640150.117806666,8103954.256356381,98099892.31055312,0.1480289838264468,4811695.447745666,5103794.978212214,1983678.2870462257,435312.75610101066,648186.4594705317,744370.10703813,162746.30359999984,-2948.3673523638618,-3127.281257894456,,,,,,,,,,,,,-908.4085513553582,13255793.645810822,13210539.686356403,1292048.2064857243,1328298.7840999996,1532944.1463846588,153426.63964781683,1252209.0855732688,6681844.194769919,6185020.90339183,648186.4594705317,13317416.59397665,13210539.686356403
3,2,43,2023,1.0,115144635.73085847,1.0916187112753315,0.029143373928666616,1.0890031673431644,1.0925273398218713,0.09170024673208332,7664081.292760431,8366254.543912518,98334175.08631174,0.14599430132238084,4816869.235087049,5258184.586787519,2043684.4815708501,448493.11155418266,624810.0005175842,734903.3841176867,167579.22746739982,41865.50855909467,45630.31509363035,,,,,,,,,,,,,-1263.5421667410992,13253833.901641773,13150143.81387007,1327734.82779391,1367797.9679489587,1534403.716597057,153486.5598157542,1252670.0344923525,6689028.864142169,6182403.855189825,624810.0005175842,13280892.46611074,13150143.81387007
4,2,43,2024,1.0,115144635.73085847,1.1229121095748973,0.028666967665849086,1.1192339838959355,1.1243672726135916,0.09129599944722422,7654326.776862599,8595136.228382405,97443491.2220106,0.15372964964015268,4797195.562178668,5386828.988769383,2093684.3557920624,461809.4469561414,613658.2412125658,741661.8938748528,172395.54745142063,67345.6900467886,75699.60717517107,,,,,,,,,,,,,-1702.930160780903,13167539.677591674,13030244.706420673,1365890.8521120325,1407255.5856255102,1532117.1646061847,153480.35230589585,1252689.434796571,6661708.677621578,6143218.242621,613658.2412125658,13236210.405232802,13030244.706420673
5,2,43,2025,1.0,115144635.73085847,1.1537779994636386,0.02748736043146449,1.148030305233407,1.1565994728621443,0.0908414509968386,7635437.5031562755,8809599.807421288,96570272.86083338,0.16131331478994132,4795742.25717134,5533221.907422382,2150582.4983210955,472894.1479883582,591213.3228884564,734379.7733880528,177269.22342542227,79155.26899640149,91421.61769519746,,,,,,,,,,,,,-2116.112252587918,13065041.186068278,12913877.322448969,1409962.802014668,1447088.7410509596,1534694.4149592528,153571.16436191293,1253381.141197395,6659690.520460157,6094471.6992292795,591213.3228884564,13165823.66138973,12913877.322448969
6,2,43,2026,1.0,115144635.73085847,1.1840770479794143,0.02626072652612632,1.175413884425033,1.1883913394475478,0.08998891009557947,7608997.595723529,9009639.411226777,96500613.77301714,0.1619182851159499,4795138.059728003,5677812.918416471,2206780.298239678,485163.9625716968,571301.6138520308,729196.6172472899,181974.63174104987,66003.6892617084,78112.07353836228,,,,,,,,,,,,,-1942.7288836729713,13002453.037818665,12889499.81607245,1435425.40072175,1485647.7621098822,1534616.5490856576,153579.2816650728,1253453.5516387394,6658851.491219198,6058013.265609951,571301.6138520308,13079723.487800155,12889499.81607245
7,2,43,2027,1.0,115144635.73085847,1.2135119513550046,0.024858942604976564,1.203280112738584,1.2195993594187968,0.08891244196413214,7577056.247391572,9194848.312298775,96147079.60979809,0.16498863364738656,4765682.848873984,5783213.093476146,2247745.9012094876,497291.03342451924,566086.804152102,740303.2490584119,186581.91553112533,51347.475350351815,62280.05401045057,,,,,,,,,,,,,-2313.1565210625995,12932449.651258457,12832109.316479428,1447002.4752126539,1523437.377248318,1533291.4369645482,153621.21406299702,1253879.278176639,6617948.002669676,6021110.128085774,566086.804152102,13014716.42627483,12832109.316479428
8,2,43,2028,1.0,115144635.73085847,1.2421772137919578,0.023621738875291287,1.230932936414166,1.2499173098956549,0.08763137266162961,7550357.414294147,9378881.936021354,95325968.92090835,0.17211975776513552,4756448.701910066,5908352.19608302,2296383.380136718,505800.8915765763,564662.9280471305,755472.8708074687,190983.15855134474,15806.830350153203,19647.696281866534,,,,,,,,,,,,,-2918.777558013564,12840085.365265034,12788257.274950443,1452113.5403389896,1559377.9059335708,1533574.486840176,153598.19576249254,1253656.4233534397,6605124.84460521,5978850.1661265725,564662.9280471305,12952312.249583175,12788257.274950443
9,2,43,2029,1.0,115144635.73085847,1.2697063124953745,0.02216197366829764,1.257219429609763,1.2794425302057166,0.08633517004252281,7530620.655949003,9561676.583866507,95109957.43130867,0.17399575909362627,4753448.202222705,6035483.188481959,2345795.0415198626,516088.88631661504,568388.7412565456,777976.6211415284,195270.30852654832,3389.119110416077,4514.687582181832,,,,,,,,,,,,,-3091.365976504283,12801216.031619977,12762805.37868006,1495390.1557715933,1594403.0774318092,1534533.1809319477,153623.21918882095,1253846.1771122226,6600958.148762732,5961096.275997915,568388.7412565456,12896248.081897719,12762805.37868006
10,2,43,2030,1.0,115144635.73085847,1.296453176106824,0.021065393901116947,1.283546246809217,1.307797501870236,0.08491339250292264,7508983.882591465,9735046.003920656,94575933.24709421,0.17863361461181732,4746730.040603534,6153913.237262126,2391824.9305146076,526398.8301563954,576018.0720619892,804716.2469645946,199336.34063526563,-34151.11278450639,-44040.83539969191,,,,,,,,,,,,,-3100.944902068237,12745789.381698921,12759877.237607261,1505070.5339784701,1627632.0757372573,1533228.005428071,153579.15077914673,1253494.1876035098,6591628.857309837,5935266.226969431,576018.0720619892,12850645.355699724,12759877.237607261
11,2,43,2031,1.0,115144635.73085847,1.3222102125908273,0.019867309486139906,1.309138330081256,1.335346771390029,0.08362134841453017,7523423.5033298815,9947547.38974863,94460214.66642545,0.17963859916827762,4745348.605183916,6274348.388077811,2438634.1371324444,536168.0583835655,582460.4973929193,828317.6757938885,203313.22790337823,-18938.376625644203,-24923.0439748893,,,,,,,,,,,,,-3651.7871366506442,12731438.79517721,12729107.31748822,1541377.4400338049,1660103.636256677,1533821.122618081,153587.3825338542,1253580.7786440726,6589710.503095763,5930216.212219466,582460.4973929193,12819626.24759513,12729107.31748822
12,2,43,2032,1.0,115144635.73085847,1.3474953624652157,0.01912339629024884,1.3349618382725965,1.3618765189685524,0.08234034111231187,7517545.572337957,10129857.795846313,94068883.0164585,0.1830372086430747,4740600.956846279,6387937.804648527,2482782.6306067063,545965.038088545,587916.92819968,849576.4529394924,207110.7730461789,-19656.547537235845,-26144.15773050086,,,,,,,,,,,,,-3304.1710306757595,12696568.522426346,12694932.845069282,1575404.6073897646,1691037.2598973145,1532806.6377700125,153520.52138875614,1253035.0072848226,6583117.599029379,5916736.4173548855,587916.92819968,12788692.29702409,12694932.845069282
13,2,43,2033,1.0,115144635.73085847,1.3721683032302299,0.018310223138635173,1.3603471052991276,1.3879202233391728,0.08130556092845956,7500435.781241939,10291860.239434056,94058276.69149151,0.18312932170504811,4741592.831752471,6506263.390554408,2528771.9182966556,555479.1296205643,589990.0395971407,870846.9438981815,210910.8825456466,-54786.0993772862,-74864.0951895117,,,,,,,,,,,,,-3832.320379547309,12687408.084585818,12723520.463401124,1587074.694591403,1721941.3284461412,1533334.1744383099,153530.7404883605,1253082.3866601249,6584494.983291504,5912460.608070244,589990.0395971407,12756650.93010877,12723520.463401124
14,2,43,2034,1.0,115144635.73085847,1.3969273440698817,0.018043734709048742,1.386189219674759,1.4133333523271374,0.08035718076526795,7528285.735344628,10516468.197674148,93625299.71383378,0.18688960958046236,4740714.246621455,6622433.361527161,2573923.3889198275,565268.5003661547,603198.3083645437,900826.2850198088,214589.13773540696,-13966.738105650336,-19322.631122696923,,,,,,,,,,,,,-3929.0659387165215,12664593.028120272,12660236.238446679,1645031.8325261213,1751897.917661046,1532372.1480027405,153447.26237861798,1252407.1644035073,6583274.920837212,5904731.307766047,603198.3083645437,12745328.920244984,12660236.238446679
15,2,43,2035,1.0,115144635.73085847,1.4214592008565248,0.017561297579851587,1.411459412712704,1.4388351643919788,0.07974173512214902,7539545.358622715,10717156.120289365,92864035.23993784,0.1935009855170308,4746118.812549586,6746414.2544568535,2622110.7096024044,575239.5433359499,599355.2527725851,908019.9115220237,218388.72390291418,-9237.351854681821,-12853.612424564544,,,,,,,,,,,,,-3708.2374767700676,12606010.018053252,12595136.531778842,1666251.1710909149,1782826.6022199458,1533156.7671038804,153478.08089339992,1252636.1883654865,6590780.064889722,5878990.3214318715,599355.2527725851,12716249.336454092,12595136.531778842
